offene_hand,0.0,0.0,0.29832386321243015,-0.2876692494727874,0.45684950193984236,-0.6639009900764059,0.5422990943764648,-0.9517146295165467,0.6645023193016248,-1.1519598779174296,0.2662751441072872,-0.9926433316139275,0.2750032870355759,-1.3224964914230204,0.27768177414495826,-1.5380027083773944,0.2886461877347028,-1.7111554698656455,0.07237591459405243,-0.9973774245423216,0.03521900128146323,-1.3523871215351486,0.009234572113539457,-1.5752580028762777,0.011826141429306101,-1.758423875729732,-0.11999710941659124,-0.9380034362652931,-0.1567734469614202,-1.2794451769830804,-0.17555212496372244,-1.4852643393202627,-0.15933787663958845,-1.6596397037883797,-0.3113288937363691,-0.8259081298962583,-0.36850732080833914,-1.0982179409376345,-0.3785137761441619,-1.2728330388712037,-0.3647207205219825,-1.4314241541916126
offene_hand,0.0,0.0,0.25105309974999007,-0.3207221780771182,0.361513530245262,-0.7307546864542809,0.40711751889344416,-1.052155521994051,0.5072866546877328,-1.2958673150919127,0.09184901368559308,-1.0192872441799832,0.07331531848514085,-1.3873486054337292,0.04253574931657761,-1.6260036542120213,0.017352326740207397,-1.8293351524548318,-0.10017132916485577,-0.99497020297763,-0.18140929286635277,-1.3853313720595317,-0.24899972344340374,-1.6332951093657162,-0.30325427024441676,-1.830225246667983,-0.27962709176739553,-0.9056053245052205,-0.36208418804846715,-1.2848455326281367,-0.41636228974209244,-1.521897608977606,-0.44517297505287273,-1.7243042886134499,-0.4516022210048251,-0.7665136836299222,-0.5406689918079801,-1.0388563056520592,-0.5805136661665622,-1.2177061257944444,-0.60072862758869,-1.3856135062692212
offene_hand,0.0,0.0,0.36584627745560605,-0.2589384078343555,0.570242225925969,-0.5973663904670027,0.6998177012965985,-0.8565168215434527,0.828223237960442,-1.0623822088722203,0.36723568793341627,-0.971552681832332,0.4208997405485028,-1.295837900075744,0.4517333591073731,-1.5196028602673084,0.4789043800920233,-1.6908151738882775,0.14705301545037253,-0.9891286117825894,0.1632552114778929,-1.335304883329049,0.16270514627750812,-1.5461136146330037,0.1892543017073224,-1.715737936801121,-0.055447195796557484,-0.9436555158878288,-0.052613290371177186,-1.2772675049025581,-0.0423572723104679,-1.4803257278909114,0.0013076498811855656,-1.6389075071301706,-0.25000675553952306,-0.8561979205722958,-0.28754967983730184,-1.1340332463015268,-0.28278539286788495,-1.3182172217722996,-0.25261607915659007,-1.4700123951323034
offene_hand,0.0,0.0,0.35987383054772876,-0.18000839839032834,0.5875338967574932,-0.5207203960210736,0.7309229946393462,-0.7909448450935778,0.8869263066157168,-0.9738995546311986,0.36656743247556417,-0.9717915150126155,0.45421444866967475,-1.2934856934844585,0.5191750869148652,-1.5092592194227252,0.5798800913730995,-1.677838743899863,0.1613259129835136,-0.9869011854284278,0.20272117397311265,-1.3298289082635195,0.22784510105285063,-1.5391395392137224,0.26473784752735413,-1.7280816249336737,-0.027918221376777654,-0.9271376965780163,0.014644988257790249,-1.261583775850532,0.04185583684901993,-1.4686647914128552,0.08546271674436434,-1.6502046034882327,-0.20653634438359209,-0.8216002915970411,-0.21009206376409212,-1.1117573006933508,-0.19212499613600298,-1.2887471506018122,-0.16189023573412134,-1.441408312625946
offene_hand,0.0,0.0,0.29066643052447766,-0.2585906915052762,0.48168108247511365,-0.6240466092772257,0.6053954439448962,-0.9054608186687579,0.7198963191712732,-1.1211285122802428,0.13669858537510293,-1.0068748992799843,0.12827117360333734,-1.361239365849231,0.12221435512963148,-1.5951928617848337,0.13460690133995334,-1.7893227731520631,-0.07221366223863354,-0.9973891853163862,-0.12921300025319685,-1.3729460155831212,-0.1707684940222209,-1.6156277507222476,-0.18799956065365978,-1.81533211296348,-0.26026631406956463,-0.9121747758978734,-0.324849293359974,-1.2812167859958195,-0.36157132301047834,-1.523183257472447,-0.35998761680411884,-1.719182193567512,-0.4349362872922869,-0.770747193227555,-0.523999445898501,-1.0762346850124884,-0.5621013947024712,-1.2732727025776822,-0.5710950220740133,-1.4467944210824555
offene_hand,0.0,0.0,0.24447578568260156,-0.3207404089415209,0.35743303135189947,-0.7246294899303114,0.3970142088928931,-1.0471342135864317,0.47806390372267493,-1.3020831385071694,0.04204655332276903,-1.027549622443391,-0.0175730792754936,-1.3969972861844064,-0.07858298078035707,-1.6397687641179008,-0.1281554734104412,-1.850923842092936,-0.1552455474838707,-0.9878759132534983,-0.2709021745924908,-1.3819771914264487,-0.35954806778117965,-1.6329421413502905,-0.4292113990879509,-1.8405826013791835,-0.32549766366338584,-0.8830822914264395,-0.4507311252519779,-1.2578395798615964,-0.5344519067193524,-1.489698895075052,-0.5844402182262045,-1.6981641685886306,-0.47890079895626203,-0.7271757353143272,-0.5929032316597166,-0.9894746651417615,-0.6525927409473855,-1.1608868681921862,-0.6884665347374435,-1.327606674706467
offene_hand,0.0,0.0,0.31148466382653806,-0.26477468632121454,0.5022221930828045,-0.6301223877923252,0.5924301999360027,-0.9250680101965347,0.6778307615507454,-1.147225175188148,0.2521755242927195,-0.9872385146532492,0.27230086844640927,-1.3213698693615352,0.2768322139803048,-1.54018073410732,0.2917245178790074,-1.7221821283189331,0.05004051823357668,-0.9987471884991292,0.026657091915681212,-1.351769230407375,0.001393088528460959,-1.5739097774719357,-0.00606899902246093,-1.761140056081117,-0.14316121849428765,-0.9385326250617088,-0.17297267910096925,-1.2792842537606008,-0.19175679146280072,-1.4827014154311937,-0.1810035179565652,-1.650968722984707,-0.336004800375803,-0.8204321209821194,-0.40690343630932374,-1.0988685922221948,-0.43572988304654814,-1.2800125811859748,-0.4389516038657336,-1.4426079921420765
offene_hand,0.0,0.0,0.3423433318896608,-0.25742580412855454,0.5587457473089221,-0.6174551244676111,0.6565335399458803,-0.8926733060472042,0.7319905089892264,-1.0923910515778377,0.28063771093676126,-0.9847484299443783,0.3103465329227277,-1.3245152463127847,0.3337668359796221,-1.5557741759672363,0.36793716049741854,-1.7479233058261094,0.046842534085812064,-0.9989022860122103,0.034286265744463286,-1.371173001807193,0.02752819799265421,-1.6055983078325147,0.05689103663555121,-1.8177536637899792,-0.16339527842441273,-0.9380602212555128,-0.19871537534876205,-1.2944856360726882,-0.21896740692592268,-1.5191145766622345,-0.18532210424407586,-1.7018567585708557,-0.35906699939421216,-0.8219529260893594,-0.42222350692964916,-1.138262676479793,-0.43784814274589406,-1.3563218333126124,-0.410425895579423,-1.5469409311465192
offene_hand,0.0,0.0,0.28913296580168113,-0.3049185806093897,0.4047704037358745,-0.6958666505299733,0.4271275773890595,-1.0261184391648932,0.4485071726298498,-1.3143264997289115,0.12202794390110028,-1.010783760298829,0.09781292488152843,-1.3452849796243767,0.08836157180330137,-1.5736834984078554,0.09268827136296355,-1.7718704920156776,-0.07347193662543704,-0.9972972849298788,-0.10089966219737771,-1.3565838219871789,-0.09880219852424502,-1.5937199500121273,-0.05705156542392695,-1.7916353629071486,-0.2549010266497707,-0.9167042921869754,-0.30788854417515565,-1.2721201097523125,-0.293837840900604,-1.4849002956961397,-0.2241663184703481,-1.650419330537461,-0.4400666981236361,-0.781236653838212,-0.5034249388177359,-1.056375160602767,-0.47970692244855684,-1.2159032802330332,-0.4058599349637161,-1.331666687403746
offene_hand,0.0,0.0,0.30750049901270904,-0.2783939710893247,0.46668692508299076,-0.6526079222629825,0.5488505539582744,-0.9460188916746445,0.6265775092498599,-1.178550299500884,0.19835767439883303,-0.9885326357457762,0.21639498208521923,-1.2973885639205425,0.22601918359072506,-1.5105565305991042,0.24049820229719432,-1.6819900796492933,-0.012421642444108844,-0.9999228484233125,-0.020323743163788204,-1.3272153017735375,-0.02387044652317602,-1.54279160720963,-0.0017568576474138837,-1.7261600686000544,-0.20357571406936245,-0.9507414028579622,-0.23163095747954224,-1.2735800252933236,-0.2351007181682404,-1.472508335723142,-0.20329040710885113,-1.6343799062307531,-0.3794931027814821,-0.8602305554910669,-0.43302238409983207,-1.1401098296641818,-0.44350675159973746,-1.3245629464111026,-0.42633942673125264,-1.4819166113315345
offene_hand,0.0,0.0,0.30790113916846873,-0.3006840638929308,0.42148497937302154,-0.706643588934699,0.4203633463734386,-1.0516831313244959,0.41171001812352015,-1.3695021992977965,0.16474923334174413,-1.0186427354926688,0.15502780499155497,-1.396545037668708,0.1449849965393514,-1.6519643631158316,0.1417348369971488,-1.8667197077110047,-0.041833311573467556,-0.9991246038621995,-0.07503960458132032,-1.3989908791017047,-0.09226568767297731,-1.6662842538139813,-0.0801873501039218,-1.89541776237454,-0.22810505426549282,-0.9154426333994206,-0.2607678878569488,-1.2924402661183112,-0.2560995632483245,-1.5444257209984593,-0.2119381186731977,-1.7541046553999566,-0.40926851596137204,-0.7790441860154531,-0.45137104503359926,-1.0690430466644334,-0.4374110169184116,-1.254794990385321,-0.3904317868837525,-1.405780056595027
offene_hand,0.0,0.0,0.27105125230741556,-0.2644636697614543,0.42504087952103353,-0.6343009625087825,0.5098596350878413,-0.9297112650476873,0.6344159664331072,-1.1321849512227937,0.12871475851383168,-0.9997008785844286,0.15565651184085216,-1.345310663001239,0.1673910354115385,-1.573036943148778,0.182830424298037,-1.7643249766600522,-0.07776165583018974,-0.9969719779826046,-0.1306947442382335,-1.367751890580438,-0.16877475760935598,-1.6099295611695126,-0.19512822507874375,-1.8217166492298176,-0.2708117429654081,-0.9149751659431461,-0.3760583507051651,-1.26458400342295,-0.45263635351843573,-1.4992530740674384,-0.49937124133473987,-1.7014638108956965,-0.45078741669299155,-0.7666794430794514,-0.6088063941842731,-1.0302313280254491,-0.7008392482199316,-1.2021994389520525,-0.7740081869257076,-1.3634167894174498
offene_hand,0.0,0.0,0.32689784526284765,-0.2374794442314613,0.5581527470100223,-0.5954080861012236,0.7143641584802758,-0.8702168955832307,0.8661745385247552,-1.0606648769919045,0.21987135284125695,-0.9938882580597492,0.25562986536524224,-1.3438104861013433,0.2717672155967613,-1.5696212705554367,0.29377254897839244,-1.750946428366383,-0.005725835298895165,-0.9999836072707042,-0.03816198329040779,-1.3711656635808671,-0.06899273301433276,-1.6099100077785278,-0.08861856600494812,-1.8125817735569674,-0.21615092144954873,-0.9276529994809886,-0.27869491846843797,-1.2893521285263967,-0.3209759287680705,-1.5271909961993881,-0.3356260582078121,-1.719106436059086,-0.4120983414864567,-0.7998759170786512,-0.5333152961488135,-1.0907989436173822,-0.6010263631531193,-1.2915436994116964,-0.650828695621265,-1.4753985056878254
offene_hand,0.0,0.0,0.31061254735650956,-0.2824053176172518,0.41781328561342895,-0.6550594633790058,0.4603501082319159,-0.9437697671373391,0.5156741782365243,-1.2270645421873072,0.10923002599199742,-1.0127394189809764,0.10744416597068018,-1.3299535540420708,0.12477458707881671,-1.5491556959323523,0.15905691829937038,-1.7368949089112071,-0.08550806473756566,-0.9963374784001836,-0.12863869818419954,-1.325886600977629,-0.10857405601868193,-1.5278080013279618,-0.0457180512715009,-1.6930933571283964,-0.2503491693011091,-0.9232977915791803,-0.3022273133990456,-1.2393398881774975,-0.2781008836287752,-1.4301403793709722,-0.2064558709238801,-1.5825427097449118,-0.38686714683656787,-0.8021947611588415,-0.4495547315535435,-1.0749142341575355,-0.43047569382252177,-1.245992305741714,-0.3691365979350207,-1.3791646714658115
offene_hand,0.0,0.0,0.3090887490650913,-0.29020154417223964,0.4844393478448292,-0.6693480935608367,0.5541814779693229,-0.978793112026836,0.6091584538545957,-1.229560742631601,0.20305184478714186,-1.0013837852400618,0.20938896964938866,-1.3547129372063127,0.19992014095729035,-1.5879442443399663,0.20089324452453375,-1.7893079805846188,-0.0013233515134881968,-0.9999991243700025,-0.04960355747162807,-1.3738326067428297,-0.0907719693016798,-1.6116825064544267,-0.11185016258449483,-1.8174528826388376,-0.19589361247081755,-0.9278535214932624,-0.24724238821900651,-1.2919383600004741,-0.27199047565074,-1.516755322881388,-0.2635892691172656,-1.7099998830455687,-0.38950472868762287,-0.7996787391459301,-0.4638155006866037,-1.0801591921693465,-0.4869709133599116,-1.264502559786141,-0.48448323147654154,-1.4353839619274968
offene_hand,0.0,0.0,0.27995087879444946,-0.3021316420721851,0.4311873959791087,-0.6973440246730925,0.5042433642990796,-1.0023085827572706,0.612712720961302,-1.219988857485523,0.16203197806829286,-1.010637130461328,0.1404641343121337,-1.346217284586269,0.11008247357928222,-1.5731314231379245,0.09328808203477114,-1.7622690421978073,-0.0360121545523283,-0.9993513519901293,-0.09153739853587205,-1.3570058941853549,-0.1387203020977823,-1.5965537789058488,-0.16962266045625898,-1.7881755323222983,-0.22679924431276016,-0.9214572048492308,-0.29641749046244165,-1.26807613060773,-0.3508499545606273,-1.4770231585640863,-0.37430776121866177,-1.6423483958620408,-0.41380830138754,-0.7896573311839916,-0.5102154307126515,-1.062902109559216,-0.5552894007126027,-1.243083996804934,-0.5811959105570736,-1.4044225752953352
offene_hand,0.0,0.0,0.2655081021402044,-0.3166690591827774,0.4247594987271508,-0.707336652670603,0.5086572089053865,-1.0153951569023913,0.5940037588939614,-1.2425620722528543,0.12352392161009666,-1.0086525467094243,0.11430868443811108,-1.3490705174116513,0.0909231816312726,-1.5745661077014954,0.0809936679081868,-1.764224352047457,-0.07450653191930215,-0.9972205256117416,-0.12314465238021348,-1.3597903828413571,-0.17103271791385277,-1.5975448274305375,-0.20238711631448544,-1.7855456261093108,-0.25914831135104477,-0.9176948776743159,-0.32823552582803345,-1.267874627908246,-0.38368094341718134,-1.4850957771160347,-0.4062576520554554,-1.6556404152745332,-0.43469242430569627,-0.7849004837187107,-0.5348328717797683,-1.0637045404791468,-0.5869267407597903,-1.2447914892649832,-0.6131519216444924,-1.4037722657759752
offene_hand,0.0,0.0,0.2989455264725549,-0.31279959913193195,0.43918225597464516,-0.7099283592076508,0.49365463655528086,-1.031664222545052,0.5802046066345588,-1.277141364748165,0.23769707517330838,-1.0024409507076388,0.22384088493668652,-1.3245408608663762,0.20098887363458523,-1.5496057495667537,0.1859336052830916,-1.7290460661685392,0.03584131835413042,-0.9993574935420446,-0.014408966129901597,-1.3466585140264555,-0.06275475457938565,-1.580016364611807,-0.09204940641642594,-1.7725789420624394,-0.158960082803515,-0.9366139444755794,-0.20887861351919398,-1.2708194702323727,-0.2517660819230333,-1.4758729892721718,-0.2703185290943251,-1.642804669555665,-0.35206971620733035,-0.8298744635500038,-0.41672870212410834,-1.0984224774867075,-0.4522588248556374,-1.2697702989399562,-0.47503345635591804,-1.4240337057049717
offene_hand,0.0,0.0,0.31618594357762136,-0.3252791699684122,0.4741889159834165,-0.6974445445024564,0.5759596439317602,-0.9843140343992347,0.6742037671321529,-1.2294262655265336,0.2544184823057832,-1.0180902516392643,0.2567192797083289,-1.3715066656679282,0.2423645865564821,-1.6190106431368108,0.2315101885027907,-1.8106449096896815,0.05171522961807605,-0.9986618722197967,-0.002382783459127033,-1.3748376155554276,-0.06035239119920625,-1.619408344990939,-0.08849602739268299,-1.8140152154898288,-0.1402408090469731,-0.9353582609024998,-0.19576046960925697,-1.2922665398246314,-0.23825110986678819,-1.5083178636406684,-0.24918276935685107,-1.6819214161796072,-0.3202065953761351,-0.8449443156234864,-0.3927076526476737,-1.115304685552763,-0.42460384160266273,-1.2938235337827801,-0.44256147454271255,-1.4538042461043266
offene_hand,0.0,0.0,0.30288658592354567,-0.2442278206514257,0.49069502789216723,-0.6050344809396362,0.5888076708672028,-0.9026038014928031,0.6738738738967311,-1.1406918704484517,0.22654443190689943,-0.9957597370167214,0.25757447146828033,-1.3501247758665051,0.2708232040439428,-1.5821582784094648,0.2935637292049116,-1.7825434251346055,0.032466353102970594,-0.9994728290034668,0.002610615086143248,-1.370387081804994,-0.020527321837612727,-1.6082287859550788,-0.023090322833945503,-1.813664041310807,-0.1493595712687112,-0.927704138332759,-0.18415076525024315,-1.2871653194917678,-0.1941076694812122,-1.512352077323676,-0.1711140991951113,-1.7056882147290844,-0.32267602387217464,-0.7990067506550973,-0.37567974170929047,-1.0778674999989486,-0.3811518649574521,-1.2532728302468186,-0.35903238534455745,-1.4070870538087397
offene_hand,0.0,0.0,0.30438593098352196,-0.2736123693755813,0.451765127126767,-0.6480012316648667,0.5177827134907723,-0.9575574217254901,0.5919149396137044,-1.2225674944158222,0.18921160003615162,-0.999402474679231,0.20100676018630692,-1.3337960310060153,0.20371526260693934,-1.558477089676447,0.2186033853647773,-1.757673764803461,-0.004260684709638545,-0.9999909232417088,-0.03779655178570428,-1.3601314647410634,-0.05895566914691336,-1.5941767701257017,-0.04502851870091459,-1.792043165738565,-0.18331865201152034,-0.9241925842043679,-0.2240783799145152,-1.2812122371765218,-0.21961931873672078,-1.4911796766818939,-0.16763773600420437,-1.6630131039379108,-0.35518455929434534,-0.7907332341198793,-0.4122528460401418,-1.0614368539709151,-0.39732882489134436,-1.2211449650003685,-0.34149204001903477,-1.3522371591509663
offene_hand,0.0,0.0,0.26373640444392965,-0.31030908648771516,0.39795646642535615,-0.6926965265008342,0.4761891179858731,-0.9749309961121162,0.5718139508286296,-1.1686746181146284,0.13526107074697094,-1.0146597175084118,0.11727499054711046,-1.3551465319291827,0.08988174465962614,-1.576919030204163,0.07796886859541838,-1.7677366459305954,-0.05350994623402531,-0.998567316536062,-0.11332070622263811,-1.3636604802051102,-0.16784942873741196,-1.60133073131455,-0.20402131703333187,-1.791435868227188,-0.23381102432498108,-0.9176589307603172,-0.3072752634804883,-1.269142715765099,-0.36540419066433794,-1.4799495648357757,-0.39273939518782647,-1.6501621062501588,-0.4088027299198079,-0.7844140912574572,-0.5070724995193454,-1.050465544297498,-0.5569475256059867,-1.22797343869412,-0.5860452923667349,-1.3897755860086842
offene_hand,0.0,0.0,0.3030350018386495,-0.2669162030071543,0.48628792843150814,-0.6232581544838279,0.6133789828451579,-0.8916147032963079,0.7243086568398978,-1.0927996357361427,0.2704638053944935,-0.9947484171519665,0.29746307571962227,-1.3487045974032192,0.3096855994288693,-1.5808436944941422,0.3283088333434385,-1.7678257227318248,0.07920441077113645,-0.9968583958187829,0.052270016800474606,-1.3627546381129114,0.023233901153564916,-1.585052014915243,0.015281965555282787,-1.7632688747955372,-0.10470308648063739,-0.9456148771974471,-0.13833834587421093,-1.2942521491120935,-0.16964086932793834,-1.5030535882503846,-0.1743258494820507,-1.6765634020766336,-0.27310413691705687,-0.8599545886356516,-0.3192143480172579,-1.1329347799580207,-0.3497392625789832,-1.3172347111021994,-0.3653976924624943,-1.4872242794933772
offene_hand,0.0,0.0,0.31543929117218805,-0.28915305250292855,0.46621177844225525,-0.6629944803797819,0.5456160953159845,-0.9550411122886288,0.6266412770796996,-1.2192303574324903,0.28874929723698645,-1.0024016935264572,0.32001571544312724,-1.3398360840677692,0.33030828718307725,-1.5769561506434475,0.33719957497875114,-1.7613265103555646,0.08599562159023381,-0.9962955149288334,0.0605526647527358,-1.3538498006945867,0.023238948925254486,-1.5753879908679467,0.007558103784228638,-1.7566536601850722,-0.1053834890381012,-0.9391420090926583,-0.1340841133634372,-1.2749353027092767,-0.1556711188683668,-1.48362369377986,-0.15471795539515043,-1.653515431713134,-0.29107540570004886,-0.8465124051459673,-0.33406542472687567,-1.1085782163451308,-0.3439859395309729,-1.2786399786313492,-0.3441160974785463,-1.425569154056614
offene_hand,0.0,0.0,0.28576954500515345,-0.2785257468319524,0.43702687188694633,-0.6695679934549595,0.511963717008027,-0.9729778613956108,0.6021205651650535,-1.215542857458888,0.11797613492894142,-1.0171318331425787,0.11053057532948624,-1.3707780715783298,0.10391694110687205,-1.6032469149756416,0.10808592056844167,-1.8079058156657417,-0.09529086831986941,-0.9954494715528485,-0.15978851186931953,-1.3680245093590868,-0.19959344434001844,-1.5952911859012049,-0.2141694815636354,-1.793933800009441,-0.2858172159091964,-0.9009836276789491,-0.36890460519923607,-1.26809671490339,-0.40501000311103597,-1.5057408478461878,-0.3978778002541564,-1.7135995870313256,-0.4654608863167104,-0.7483626405363618,-0.5610130819924571,-1.0422886318224034,-0.596556689650326,-1.2401205227558822,-0.5954213957203279,-1.4239561000597676
offene_hand,0.0,0.0,0.2967297700157603,-0.24625638764235702,0.4731883539169928,-0.6187342063293304,0.5774736850154644,-0.9087916186853876,0.6967831052674052,-1.1302116529968187,0.18265091453368848,-1.009632701806263,0.20830154794574432,-1.3682797417706773,0.2208555881166669,-1.6029358141114214,0.2467233508710023,-1.8092967516676988,-0.01964525024235096,-0.9998070134495534,-0.06284669164780599,-1.3805685417824003,-0.09069006113139741,-1.6229579098958553,-0.09556114620180763,-1.8402588693831616,-0.20100392985640614,-0.9117021429187246,-0.25115855554392347,-1.2743947710246541,-0.26443984386873853,-1.501878727837801,-0.2446153943476348,-1.7027904903426918,-0.36791702135714865,-0.7636519152668244,-0.4333335874278522,-1.0476152908130094,-0.4434484812570588,-1.2309278191745112,-0.4274251466532896,-1.3979046079553332
offene_hand,0.0,0.0,0.28638808182765746,-0.3083043966534571,0.41447253433845793,-0.7034549945929208,0.46446181955652044,-1.0113884184039856,0.5774494488814818,-1.2350892974389511,0.1838675832448779,-1.0041826703962908,0.1668492041001302,-1.3073230156674995,0.14666279329897883,-1.5195742981373392,0.13666771507815578,-1.6853243109320508,-0.01637629740395911,-0.9998658994501898,-0.07174034692610175,-1.3255102371480618,-0.11718339122240276,-1.5465048358650637,-0.141843880391002,-1.7211177316271664,-0.21205648265038834,-0.9322616131506622,-0.277346834529315,-1.25494854527575,-0.32692111993141476,-1.4617791911559308,-0.3452499745360273,-1.629076382737872,-0.4041616255399708,-0.8160526335070245,-0.4939525106006787,-1.0693076389001388,-0.5392004294342326,-1.2401392868295136,-0.5664853430510483,-1.3952771857025894
faust,0.0,0.0,0.30601018286343146,-0.2711871465897884,0.6100713639644416,-0.6264694709009414,0.7704719868098396,-1.0129963893050844,0.7596917805045159,-1.3243927755747495,0.6371937300061098,-0.8662115895031022,0.7693884237463946,-1.134200464723262,0.7631486551708128,-1.2646502289066766,0.7430503642489604,-1.4169507734124485,0.4179376983393391,-0.9084756905425788,0.45191333496452324,-1.2289731481652415,0.40179318385214163,-0.9787040671263729,0.40856628087780267,-0.9601511215321763,0.18189044786706435,-0.9267371791104211,0.17357148264271827,-1.1994791262789817,0.13554978284617447,-0.8937478079646111,0.14440312226265858,-0.8357836328130028,-0.07190905836291583,-0.9078283326354853,-0.04717952444253385,-1.0869233812611425,-0.04082699001492538,-0.8748876756405894,-0.025298243310123158,-0.7909248714348571
faust,0.0,0.0,0.30153723907044727,-0.30351901470594095,0.530175249213173,-0.7395308002601838,0.5839446876828769,-1.120328309586647,0.5380482113546747,-1.4113854163382722,0.5195881577025075,-0.9542635685905311,0.5757902683752801,-1.2414802160086078,0.5613914739222265,-1.4044748134869953,0.5106425958425452,-1.5923150867358318,0.2879160976423687,-0.9576556378565262,0.26095217300682483,-1.2837515641415063,0.2647122876214896,-1.0129412354031109,0.2723544694700662,-0.9824473840003676,0.04337229408797032,-0.9363782326070207,-0.005023572916610779,-1.2099076125691683,0.02199686190124487,-0.895549398023087,0.03644569520928108,-0.8429263870906705,-0.20714490917315423,-0.8852844145515988,-0.19272168773806903,-1.0561597671079197,-0.14623003158648581,-0.8364999944708962,-0.13803322964215525,-0.7716651331408938
faust,0.0,0.0,0.39199476071211037,-0.26443465272851363,0.7114438663698073,-0.6213652272560771,0.8496478230401104,-0.9947824341472442,0.8304492651899505,-1.3170101987230447,0.5596694124687933,-0.930544244901754,0.7463373432688478,-1.200219031199041,0.7472644835741604,-1.0764852257314739,0.6731379856947267,-1.0547544058990497,0.335787035621765,-0.9419379314521459,0.4812719749703449,-1.2658751944940267,0.486106183954167,-0.9019369859770872,0.4081043358229671,-0.8282524077511563,0.09162304138667741,-0.9282907219590024,0.20819529830812927,-1.1947112065820924,0.23791760248755178,-0.7927611810627305,0.14840125267488138,-0.6988133393698334,-0.18282572452230111,-0.8870580145465088,-0.04697695013439596,-1.0649825293633277,0.009781570782149905,-0.7970641954953058,-0.06340023474121718,-0.7086015924048085
faust,0.0,0.0,0.3131307834700136,-0.33424269934552286,0.5208346776350686,-0.7554712427081901,0.5658220923332337,-1.1084108447055956,0.4387364459396041,-1.356813353487374,0.20374484283881458,-1.0596173271230183,0.28660822101242905,-1.2595484758038027,0.32566761463425253,-1.028091306813218,0.2850351653787076,-0.936264835517023,0.0068935951455156574,-0.9999762388906898,0.1119371475921597,-1.2273159729409706,0.1864249702699519,-0.9031189991247661,0.1397580424322995,-0.8240173890008842,-0.18052695493785148,-0.8979227049551441,-0.05432890361339187,-1.0938803833816921,0.028835789728440836,-0.7591827915632196,-0.03560118667924944,-0.6791067134519604,-0.36621076535753483,-0.7706965526214151,-0.21671244509178533,-0.8841927411883094,-0.13294548076374654,-0.6626046321700061,-0.18858915703273596,-0.5934340250143766
faust,0.0,0.0,0.34453841102875193,-0.2826905067525289,0.5871016277770963,-0.6156345939945425,0.6991402440373232,-0.9117950291516601,0.651960115596989,-1.1939889490626052,0.3553608814032597,-0.9828025690082802,0.5263775909759866,-1.1525367528078965,0.5272195828391413,-0.9505521409723329,0.4629527694427094,-0.8462617995203157,0.2093825248412184,-0.9778338091368678,0.4158539322105134,-1.1332327757981155,0.41285706242756626,-0.8334047357778945,0.3253409635036197,-0.7533513184644609,0.046644796094058485,-0.9393849677868937,0.27791332646614936,-1.028644738341499,0.2661866566271373,-0.7143058459100419,0.14487142475529008,-0.6483960248434355,-0.1249637531281621,-0.871444890535735,0.10446614195091763,-0.9034882077395661,0.11383503630185737,-0.6899946526697143,-0.0019940303768606203,-0.63081812289182
faust,0.0,0.0,0.32846946268965416,-0.2970664218617659,0.5864753181088821,-0.7084525940062533,0.6962670372127941,-1.1084200490704836,0.6650224730568483,-1.4399839831166379,0.5454214633754109,-0.9703078504385498,0.5672207118200102,-1.2307847222088606,0.55746798848735,-1.3540197796344389,0.5209225431696256,-1.5171491295634942,0.32108036632915327,-0.9470519512455146,0.22776041022571145,-1.250134653143962,0.2479221253177869,-0.9503508380638299,0.2904038610525009,-0.8953088759247457,0.08700634448593816,-0.8953208080779594,0.002173861542900962,-1.138739252648125,0.04466823652138945,-0.8080379027964232,0.08420432136607452,-0.7546257844000142,-0.1472130728538442,-0.8146655510092481,-0.1841361929173631,-0.9661186482178502,-0.11771846944959154,-0.7451816177108289,-0.07097598276805572,-0.6846254098332408
faust,0.0,0.0,0.3521109657380166,-0.3225592534399859,0.6014125042836593,-0.711188098145503,0.6803150078404938,-1.0664934304419584,0.651294437682523,-1.3448454644710242,0.47103999551146974,-0.9550377864905885,0.5890352514933247,-1.1951842481976849,0.5925343986391248,-1.3041758028509107,0.5301515383776394,-1.431095779756991,0.23867403205735943,-0.9710997407174418,0.3591914791056066,-1.2601906051727643,0.37796161051244875,-1.0442145222391346,0.3192089988225538,-0.9625219247023363,0.004665414374966007,-0.9469414529845618,0.1070330003984704,-1.1833273851577457,0.1348288345095808,-0.8974383146143653,0.060891689498839,-0.7881071528586597,-0.2518644936917274,-0.8821968670381851,-0.12133246954836853,-1.0481870768061932,-0.07028789623251498,-0.8477367104493951,-0.13302312396252808,-0.7428434787764737
faust,0.0,0.0,0.399584755921827,-0.31580976696871005,0.6926500360358723,-0.6730723406070336,0.799732922791489,-1.0363772549479215,0.7310235074252286,-1.3408773162255527,0.49577069483519987,-0.9581590273243091,0.6536235001625202,-1.209660180961341,0.6594608243228343,-1.007028246981589,0.5897506293852715,-0.9279810317831708,0.284389982056119,-0.958708682607037,0.40353742211904026,-1.2596014635407338,0.4180825657180449,-0.9258831829848166,0.3409666371110936,-0.8395860291099955,0.06098690586910338,-0.9277583921683711,0.1692677220799529,-1.1704654128642518,0.20596695762931538,-0.8015390020670136,0.1086349476786852,-0.7178322201178778,-0.18814945996043642,-0.8774135368328188,-0.04321537761141282,-1.0255905282177815,0.011568997780956172,-0.7711968175008275,-0.07141835848829986,-0.6916475864477198
faust,0.0,0.0,0.43858899956675784,-0.289044248098262,0.7298255583024585,-0.5768058405419811,0.9081709198412827,-0.8613877723948815,1.0212836165681947,-1.1522572851829505,0.6209432271426012,-0.8807409495109466,0.7601005094289623,-1.1126799614198601,0.744956228466836,-0.9811931333233034,0.6904070676881007,-0.9459254499224907,0.4278295019128154,-0.9038594566043066,0.620491316250671,-1.1572011644153386,0.5764773990296317,-0.9215923411633332,0.48561738442260194,-0.9142017590022442,0.23903112871936252,-0.9231781206260792,0.42971881026703085,-1.1256092875899595,0.39120705803605116,-0.8492778081476107,0.2699209962441723,-0.8294066915672018,0.024333513842423802,-0.9267665102326363,0.23406634719043123,-1.0772919682889444,0.2410367769876712,-0.8759638025509845,0.13717504783084697,-0.8190216528846651
faust,0.0,0.0,0.3794478386444539,-0.29800028232693626,0.7044450385957725,-0.5802732037214438,0.9186320427022293,-0.8732296048061926,0.9959539077141778,-1.1436137049189636,0.5996362649270002,-0.8826463853760413,0.8190673820570035,-1.050453103009383,0.8070580582233442,-0.9489240532226486,0.7460583231328886,-0.9484333115185722,0.4121161199797574,-0.9111313317260198,0.6321468262009018,-1.1143160972606245,0.564714546361707,-0.870172948926829,0.4625511395344242,-0.8533470788292654,0.21398645625283058,-0.9159211698833339,0.4216332139854527,-1.0885586965416436,0.36849040331649713,-0.8138763296653365,0.2376345091866948,-0.7953395998937032,-0.006622583199476374,-0.9012180806422491,0.191143202329677,-1.0199200083670512,0.18629433767643735,-0.8373603015834187,0.07371445320674756,-0.8041095780774772
faust,0.0,0.0,0.4043373879017011,-0.27707853963200735,0.7488776504851001,-0.6532975797865115,0.8925548063069292,-1.0229469098247403,0.7961573479342495,-1.3588159039095904,0.502059106710102,-1.0208409718923994,0.5983406754502327,-1.2835111768185232,0.5718265905815185,-0.9758013902391899,0.53114605692602,-0.9020536172604944,0.25380907571312067,-0.9672543373310101,0.3594055143039918,-1.278572295642677,0.3718989749650842,-0.8764681895137338,0.3315141331295111,-0.8365245753157059,0.00921832724156549,-0.9041283689462024,0.12427497899310137,-1.163612715896478,0.154651538259593,-0.7638784276231588,0.08957614069869421,-0.7116790997676896,-0.23467881600395338,-0.8397489829575308,-0.10468520341533888,-0.9984769679181871,-0.04944483149778388,-0.7184805891490629,-0.10296004570423031,-0.6460450448751346
faust,0.0,0.0,0.37323085387978083,-0.29513965833843664,0.6435688834101665,-0.7756749130897186,0.685629800851366,-1.1866103042556124,0.5207473234995177,-1.4440085282356396,0.30477303159869984,-1.0918887923265999,0.34821211323872775,-1.3648217858339213,0.3896881879757996,-1.0622899471543212,0.37476000448024016,-0.9624197438251674,0.044809347523442546,-0.9989955567341245,0.08145881681567713,-1.301867895464848,0.16973259406117322,-0.9014407078321708,0.14427200696133277,-0.8281575658785292,-0.2064577402359771,-0.8724968717939747,-0.13635311919112214,-1.1198423541095737,-0.024995596740073147,-0.7251554508856177,-0.06527663798686412,-0.6409864097924899,-0.45451480566583186,-0.7358277281454243,-0.34663245015597094,-0.8879842743890054,-0.2328034897074228,-0.6205476818417855,-0.26259327206278593,-0.5485785073140161
faust,0.0,0.0,0.4255282674406615,-0.20141428058619215,0.8049281859116518,-0.5935503624103384,0.9394585298425998,-0.984734479527043,0.8287725488221153,-1.2927394649327961,0.5697836985576616,-0.9575822023916691,0.7028010283555598,-1.2218408032689057,0.6585568167159744,-0.9278942480517665,0.5831097351804432,-0.8149703785960565,0.3178556097235462,-0.9481391308069047,0.4063382423054179,-1.2272701869848386,0.40202728423719036,-0.8199263512007258,0.34185312361331754,-0.7276553925889307,0.04830634258059635,-0.8939866039473323,0.15049520995566462,-1.092650778672301,0.17558457278538903,-0.6746111360497113,0.10565732220046649,-0.5789864994186811,-0.2227432337326729,-0.8178485280102397,-0.07798115981617909,-0.9072044323161108,-0.024521788066115456,-0.6221150079025747,-0.08577336410085305,-0.5516476667591335
faust,0.0,0.0,0.38627593395011345,-0.17990227046030915,0.7008878347402352,-0.432484516037605,0.8679421142219615,-0.6885764860803398,0.9617720669447873,-0.9309359487929763,0.6268370685314585,-0.8606488374722927,0.8407270284785542,-0.9496225406505215,0.7486467250175043,-0.7104573809501729,0.6645849987774808,-0.6564935868074958,0.4484878228795876,-0.8937889419369248,0.6852176440837616,-0.987111180658694,0.5852271344596113,-0.6637866065797238,0.4792409740290568,-0.6355547712359357,0.2517589632788363,-0.8908917415573595,0.4696517506893602,-0.9110183982825438,0.3900472614503701,-0.5764846884986835,0.2683287218226485,-0.5624564368451932,0.04022137482557341,-0.8678638095246186,0.25343430934913425,-0.834979140636223,0.22986646771310054,-0.5982791655262544,0.11908481454718613,-0.5822439934816025
faust,0.0,0.0,0.4049777906743755,-0.2738413560242021,0.7178774334056071,-0.6068179893647401,0.8446841686363058,-0.9596723788973396,0.7566333615060663,-1.2842390829451642,0.48567208968852255,-0.9632141450577492,0.6302537196550556,-1.227533953689597,0.6095109714117215,-0.9555813437322047,0.526696560387618,-0.8335725372364842,0.2841369983193333,-0.9587836910305053,0.4595238519992024,-1.2530085667341229,0.44270550994597174,-0.8638253640974406,0.3344628348925817,-0.7893586097627538,0.06431925827844882,-0.9400517696957559,0.25626939225284007,-1.1766454362800152,0.24697077509329238,-0.780330124900612,0.10752630315732198,-0.7119485507854894,-0.17965352222994901,-0.8989692916401648,0.030718686594903857,-1.0560848232481772,0.059224468366110825,-0.7896661814487476,-0.05937422592046218,-0.7128403664999778
faust,0.0,0.0,0.4226263301586783,-0.24289201781125236,0.7001271312044557,-0.5073267377844037,0.8807710862984133,-0.7593435547594277,0.9687597499332681,-1.0470140997228448,0.5850485023157344,-0.8698806058729722,0.7890769357948019,-1.0292887023000823,0.7331465430177079,-0.8378293683354164,0.6638633322267432,-0.7945314544271151,0.42563102812835074,-0.904896805107855,0.7202675403152842,-1.0673136128681444,0.6122656236411061,-0.7960493800307107,0.48103356426360794,-0.7847301849629347,0.26583621829877485,-0.9368026078886263,0.5577120132282368,-1.0337605826535652,0.44917270320685915,-0.7371020505120619,0.27520634920800724,-0.734880792887952,0.09320476463309546,-0.9425415587583882,0.3505841505062254,-1.001905642301396,0.3104790460808798,-0.7883786105446032,0.16300494432727422,-0.7593549193333186
faust,0.0,0.0,0.399452720075393,-0.2579260573474477,0.7162821980445332,-0.5981416314619941,0.8488280475504661,-0.940867246159328,0.7847206161351081,-1.24176337096463,0.571681515164876,-0.8935367632857623,0.7328729926929649,-1.125343915183366,0.7005807673094177,-0.9453050831161659,0.6184715015778479,-0.8590142414514538,0.4088577691233129,-0.9125981178084404,0.5844503376902487,-1.1684228005421187,0.5332106230561111,-0.8835089627365932,0.4324883633510833,-0.8184547642542217,0.22488741986850944,-0.9224867306809101,0.4129122625157442,-1.114666885821369,0.36903555031439944,-0.795632348257415,0.24732632120358103,-0.7290591476930075,0.019644026474736287,-0.918419576086173,0.2223860624751411,-1.011107361892881,0.21930785043888196,-0.7805776654238648,0.11485472793819809,-0.7090990189039481
faust,0.0,0.0,0.4270887154021764,-0.27152280811176677,0.7031730598367336,-0.6424063474443126,0.8307652433068755,-1.0189513069986318,0.8205612524922269,-1.3226874929952923,0.565589918220245,-0.8731703891714502,0.6973660358961312,-1.1451488457335253,0.6796103452368149,-1.1744967929500583,0.6056207088227596,-1.2525567832505244,0.3883955439090702,-0.9214927571454794,0.6081829232786515,-1.2093444593457248,0.5628025124791306,-1.01123019994567,0.45041373760370074,-0.992131453048956,0.20859597186246695,-0.966476985406322,0.45557292988499026,-1.199814458341581,0.4135852869507367,-0.9438268520679624,0.2593949302295659,-0.8937219623541003,0.01799252681708263,-0.987606221328802,0.26833707923040356,-1.1412955488463687,0.26806410971812633,-0.9552163080323844,0.1353436442533738,-0.887889336818714
faust,0.0,0.0,0.40559749305851456,-0.2744578069785791,0.7016365520267017,-0.6453892303197626,0.7966191968693545,-1.0183212419171268,0.6979689523538448,-1.321480447030468,0.5416118347219159,-0.921164412707939,0.6910882972729505,-1.1771991251897074,0.6822885716669318,-1.0068661678639377,0.5950394633483022,-0.9295587752498347,0.3694028349667508,-0.9292693611211593,0.5245046319072634,-1.2174895692375851,0.501680016323835,-0.9167302059786228,0.39861210427604893,-0.8456275869579407,0.1741923942286711,-0.9310132645304058,0.3456657270083826,-1.1745152804479009,0.33349951112152443,-0.8432338109304446,0.20011573092925508,-0.7605210683392055,-0.055351674002335365,-0.9164719064871226,0.15074330394962393,-1.069353741705705,0.16815650372903376,-0.8276629642397582,0.05100086148289522,-0.7332361935181949
peace,0.0,0.0,0.09569080901332787,-0.4566655137880076,0.009683499893454805,-0.8806974938504425,-0.1599060854233244,-1.1626257348199285,-0.3661857098247659,-1.4807899473250101,0.24048053491896107,-1.108567040569352,0.24428133853520065,-1.4768361506157683,0.25715649027027737,-1.7509144015738465,0.25105349561057627,-1.9357998616272238,0.03705982912890567,-0.9993130485813424,-0.11446042572508154,-1.3399902968467943,-0.23016784728321,-1.5132280331037373,-0.30009123471807647,-1.616787409166466,-0.126762801665695,-0.8846802746294331,-0.26253575854407235,-1.15678213785828,-0.3488071339369914,-1.3344334281993042,-0.41927538297834166,-1.4384055597855097,-0.2555334796263296,-0.7556763624431027,-0.36656405892316324,-1.003196038569856,-0.44656252297902893,-1.171831872920341,-0.5100496962140634,-1.2852762027505749
peace,0.0,0.0,-0.19585813100232863,-0.355211026724416,-0.44558689157164233,-0.6663274652031513,-0.7387473895102241,-0.8482985456758181,-0.9231424736942307,-1.0446373620237899,-0.23893615485785308,-1.0334148772491116,-0.40013746912794584,-1.3680583099207095,-0.5040711527748498,-1.6172514546904966,-0.5958614329354062,-1.8160037435792742,-0.37709782915372203,-0.9261734325964822,-0.6097290033360551,-1.272207037099261,-0.7617829930613191,-1.5044427515003826,-0.8587047954951892,-1.669054821377232,-0.48035453444326254,-0.7843516877544062,-0.7469359758136331,-0.9606187758561003,-0.7704303276281496,-0.8311464675765987,-0.7470055602384406,-0.7392265831342761,-0.5546732448391217,-0.6301898076726179,-0.7710733473822337,-0.7569622753689232,-0.7793693376402004,-0.6858963077765775,-0.7318112351050197,-0.6136354711897769
peace,0.0,0.0,-0.1024462554965243,-0.3094789060860074,-0.2926258923385668,-0.6424380876332166,-0.5781502977219332,-0.86364091996215,-0.7788742391154609,-1.1023849962307684,-0.11383739083629392,-1.0340043560048102,-0.23502824583149373,-1.369337636675813,-0.3173975847519023,-1.630246911992247,-0.3939227101725676,-1.8323763672733726,-0.28838408088469747,-0.9575148154949292,-0.47913397718310596,-1.3056076289800256,-0.6168903738996383,-1.51947737964642,-0.7012022435511515,-1.6843525188634663,-0.4167660607749214,-0.8350274085098369,-0.6559553087818705,-1.0238713049159334,-0.6784852419041774,-0.8869297576121704,-0.650417846221926,-0.7953559085534007,-0.5086625163286748,-0.6862977964563914,-0.7016199383330537,-0.8376356473377529,-0.7047202849461828,-0.7631770593056467,-0.6493577762340811,-0.683249385795331
peace,0.0,0.0,0.09823300542714307,-0.3649138780511761,0.0167235094728787,-0.7374355737175057,-0.22944818094788186,-1.020673728837414,-0.4521031542485023,-1.2926789982057325,0.18499263377920244,-1.0606581614469965,0.14687600570769127,-1.4524627242388988,0.12568597736272724,-1.7361688082990718,0.08801434868671204,-1.939181191962341,-0.02236994653996509,-0.9997497614362302,-0.0642905323093404,-1.4108480449974972,-0.13788244178777637,-1.6780901292300667,-0.1998630058002157,-1.8564747334366467,-0.1911022574286805,-0.895195535195941,-0.35564496403288354,-1.17361525915539,-0.428793731946743,-1.1611054079884016,-0.4690109801047055,-1.1058618277927668,-0.3301557193791595,-0.7685689087045231,-0.4643073433389533,-1.0008079428157197,-0.5037938772621231,-1.006604766406707,-0.5160629926541803,-0.9520049735149494
peace,0.0,0.0,0.27192666519755887,-0.36606892591666584,0.2947076954853079,-0.7703343355400858,0.1513750250962044,-1.0745125016795363,-0.01284251294295044,-1.333934525726606,0.27782623483434055,-1.0286523880688074,0.21805569459796323,-1.338932132345416,0.19259679412207192,-1.5570077128162345,0.1562724031549021,-1.6971282035894486,0.07072328410831644,-0.9974959734680308,-0.002242167423076083,-1.3196563279819338,-0.05720925861722118,-1.5020057390744332,-0.07465213083707298,-1.6046218732404494,-0.08769275032426048,-0.9480516075683312,-0.15668046314635387,-1.2302987587086778,-0.2014615683557232,-1.3862228065022137,-0.22833560959920451,-1.4604821090802347,-0.2240341495648896,-0.8787525844624366,-0.26053389350073625,-1.121080796823817,-0.3037791323597912,-1.2556817825916886,-0.3313361569622369,-1.3292694315870055
peace,0.0,0.0,0.12251267297619707,-0.4935621502751694,0.06712290014484767,-0.9205396762602835,-0.09289166931982581,-1.2066281972724338,-0.2992963163774682,-1.48900612753226,0.2051205029319997,-1.1016305159775683,0.11686770284459638,-1.4030116618146828,0.04845393012592114,-1.5920780873774987,-0.028118679703556304,-1.6989952316757013,0.02380623915586914,-0.9997165913283891,-0.11972274172587957,-1.3026477044683338,-0.2325952305651536,-1.4611325414486156,-0.3049900677584094,-1.5710032023936313,-0.11410369590934426,-0.8883310895379791,-0.24308893814388535,-1.152273912827188,-0.33190217838598435,-1.3137667124633083,-0.3978280084405234,-1.411597508015808,-0.22824667408235627,-0.760426851662557,-0.31527845871973414,-0.9930269306683144,-0.3928663715907603,-1.1356898217417914,-0.44684890927379023,-1.2266600738398734
peace,0.0,0.0,-0.0030862238349727068,-0.35704899571251586,-0.05940789921074487,-0.723984949608093,-0.24329304188227135,-1.025767923061483,-0.4362408669702893,-1.2773285233993792,0.11770570926301606,-1.0286338404642996,0.09734479252400832,-1.3882904482763607,0.08946897052213791,-1.6509918245102795,0.06769832467150695,-1.8424073215525518,-0.05273953243150484,-0.9986083024484157,-0.09119177939119846,-1.3781314549180215,-0.16338006227645357,-1.5941821101982303,-0.21749180839466328,-1.7453262821661522,-0.20005554777145662,-0.9157930019411168,-0.37036213709656274,-1.2177594915710404,-0.47081471515594786,-1.1857173544319348,-0.5172403435601476,-1.1066690666947898,-0.33238724491218347,-0.7865220993653793,-0.4687658701713596,-1.025919918545946,-0.5263015756380468,-1.0393723407794644,-0.5446682768127727,-0.9800277246759593
peace,0.0,0.0,0.025872434326276592,-0.2589898626876161,-0.06178166636433951,-0.5890232432230162,-0.2919501401011889,-0.8393225207410496,-0.4746339516891942,-1.0718378084368003,0.09664371303736412,-1.0372747889409413,0.07617583398085732,-1.4091514065128297,0.03986087663833801,-1.6990434078437624,-0.007637497354949495,-1.9068713723529536,-0.12435326209829993,-0.9922380088494451,-0.17107069660673402,-1.3828003289278714,-0.261900042758614,-1.621063830670186,-0.33200025835422864,-1.7840538581151808,-0.3025025394868122,-0.8798227688808822,-0.4526263505506904,-1.0962816683472962,-0.5270473408635487,-1.049378261273167,-0.5604768176164514,-0.9795863351602356,-0.44557873492755573,-0.7309826043935026,-0.5561671213430628,-0.9071971496117489,-0.590858905047006,-0.8924234998897425,-0.5928611975634034,-0.8360882507838376
peace,0.0,0.0,-0.06395016316414806,-0.446114600282289,-0.11430897317538502,-0.858183125757718,-0.18234019079679975,-1.1701082087460657,-0.3132950804961879,-1.5184779849769645,0.21854759189606526,-1.0568486456053288,0.2566136039642627,-1.4041058573657859,0.289095171157147,-1.6747875749121135,0.3097046304389712,-1.883506196339328,0.11085131411659623,-0.9938370018059419,0.09278470059267507,-1.3578251385538311,0.04720682953390621,-1.6127637377919326,0.006948284362654538,-1.811795060841258,0.001692112910930863,-0.8978679101017313,-0.1162349982634631,-1.198718881294049,-0.20296668881203447,-1.3836394215826173,-0.27862060979300135,-1.521349844972953,-0.12118002762681993,-0.7663755594854141,-0.2344849193545377,-1.0189398714139308,-0.3076772989685498,-1.1668130195664552,-0.37487648930901923,-1.2738865501601306
peace,0.0,0.0,0.16780813235988254,-0.4022667940874232,0.1513381657534549,-0.8500260341114336,0.009594366409330202,-1.1983486065687257,-0.18519808902300772,-1.5327892677630939,0.36388257695821213,-1.054300364183812,0.3034673482111737,-1.4331202198027104,0.24481207454130136,-1.7038029191145054,0.17506280896929072,-1.9062096177427323,0.13838840716129572,-0.9903780332597041,-0.02799744400258076,-1.3661427395116004,-0.1760753341795434,-1.5779833076867948,-0.28252481608736485,-1.7237798886113573,-0.06040083218344882,-0.9135276875187893,-0.19146377135713374,-1.233763060846018,-0.2923776256347896,-1.4401311973408728,-0.38173362080278594,-1.572382895520476,-0.2377433618188125,-0.8246292052130055,-0.3169826435357902,-1.0969275961061344,-0.3843522067897643,-1.2700880729486903,-0.44383920468853316,-1.3909086514215454
peace,0.0,0.0,-0.004188666414958491,-0.2991568088901972,-0.14363220810376273,-0.6762847569690945,-0.37530558658790325,-0.9468152687165177,-0.5345875870494152,-1.1838930705980866,0.03871699516509372,-1.0498137510745031,0.013208369638391951,-1.4497140929245549,-6.408604880814472E-4,-1.74465522224787,-0.03104308952972233,-1.9349807324764567,-0.1262501767356729,-0.9919984339071365,-0.17193812218704088,-1.412777276267364,-0.25608071673416577,-1.6758410933081016,-0.3165521462999332,-1.8335248116820873,-0.26186733494483666,-0.8933079948625668,-0.4591327052681961,-1.1817220625052347,-0.5645987505833827,-1.1222082432770915,-0.6152364963425999,-1.0126384637276669,-0.36856253765322916,-0.7806305468205771,-0.5438672771149432,-0.9998032294699073,-0.6234901584804788,-0.998268127487928,-0.6627395368650559,-0.934472452368758
peace,0.0,0.0,0.0685599134056231,-0.30988275729035947,0.025532301981608257,-0.6736520965240844,-0.162738366030523,-0.9548403015417994,-0.34860290287234735,-1.1969945584478325,0.16647621714651817,-1.0452261863651986,0.16461921701997692,-1.4219302694540417,0.15486879719568866,-1.7054636222592439,0.1373313979952009,-1.9102914833099494,-0.050617236601211535,-0.9987181260790539,-0.07929233405234294,-1.3975448666137475,-0.13168005294403998,-1.6555719663209538,-0.15372348811190215,-1.8253274315943744,-0.23215270152519388,-0.8933670874707008,-0.3544831226746741,-1.1848832305599757,-0.42244115253973646,-1.213615008885323,-0.4460147842458385,-1.168403780812057,-0.38092736941470773,-0.7594056761058657,-0.4694266042153174,-0.9853710896603317,-0.4995788651095064,-1.0392071638939997,-0.49295449838430455,-1.0230200976655517
peace,0.0,0.0,0.002921905375931961,-0.32178001028999703,-0.1462607751303663,-0.6451855060350591,-0.450603279168193,-0.8655856083221487,-0.6655874764347018,-1.0370605548171838,-0.07608859306978193,-1.0306779444543803,-0.1857360292277476,-1.395358123663457,-0.2712331705889194,-1.6539932024716526,-0.356859471794875,-1.843760309122245,-0.2860849764882635,-0.9582042507877482,-0.42574079717270225,-1.3431341531135277,-0.5583190663337813,-1.6059234408993064,-0.6640771500085109,-1.78958682202379,-0.44009803120408003,-0.8279304602930422,-0.6357197491117729,-1.0452599333053962,-0.6669723518415155,-0.934736194424493,-0.6673882966108624,-0.8162423751861385,-0.5513245924995286,-0.6719942868832832,-0.6945044463646562,-0.8396386657777765,-0.7010098188484173,-0.789235264899298,-0.6711353229191214,-0.7033778111498779
peace,0.0,0.0,0.058095561624219555,-0.41344836882261377,-0.008709418953481863,-0.7568308357727408,-0.22492070734912115,-1.022365006609379,-0.4361582963048863,-1.2609189864587833,0.10050426925271341,-1.0559856407420942,0.05730446225670295,-1.4333663727268755,0.03380927633579424,-1.7059111555767923,0.005409492133630645,-1.893120080404193,-0.07136902300558913,-0.9974499799765539,-0.10670446475868232,-1.3941674040163672,-0.17640476408277228,-1.6344908635704583,-0.21764043499424646,-1.836877530264446,-0.2168489396315515,-0.9064843435807536,-0.3766891264058209,-1.2174269350211624,-0.47333927358660477,-1.2203465579716213,-0.5037253696032914,-1.1989025280756875,-0.34781038603546244,-0.7902779745179487,-0.4928966834541609,-1.0342651567122865,-0.5512346931263153,-1.084218661474782,-0.5544422540708203,-1.072111059397825
peace,0.0,0.0,0.11946337228327283,-0.44865232262745036,0.09476714572471796,-0.8613169252397199,-0.007864308769714544,-1.1741183088280684,-0.16924670428330518,-1.4793262923123172,0.2745829879356796,-1.0759887025260721,0.29220598943881665,-1.4777535015166776,0.3131526778748548,-1.7579595802080734,0.31351882272058,-1.9579238426125538,0.08493181802358556,-0.9963867654115085,-0.042254047791536485,-1.338299046406628,-0.16118847660720292,-1.4841612897393814,-0.23207602447689937,-1.5800543916861074,-0.08052277315514181,-0.9136432000968572,-0.18405012691494518,-1.2037684386564438,-0.272279174561151,-1.3620745382936097,-0.32733714136253067,-1.45231089497499,-0.22845046064738428,-0.8203693211834289,-0.304100831212651,-1.069963632981396,-0.38124913156343315,-1.2190100288117958,-0.43248234444065486,-1.3124809690707637
peace,0.0,0.0,0.07046988857101073,-0.4966841773408808,-0.06100644247783219,-0.9493402950644384,-0.2840902822595553,-1.236563116232497,-0.5155164710277209,-1.5086454325689413,0.004065238158756906,-1.1013036443455266,-0.18308615572935386,-1.420506002723316,-0.31482350671403403,-1.606227231122953,-0.4384834244680467,-1.713994700850933,-0.18311402582583247,-0.9830916811497575,-0.37607398734848707,-1.3010447299877275,-0.5238823947194284,-1.4731214484118917,-0.6262033083886296,-1.5734416088109497,-0.32601609750271293,-0.8593976999444932,-0.4849786369270491,-1.1380211479030289,-0.6054851381734041,-1.3103728213112698,-0.69496902546887,-1.3966805165363643,-0.4362557147133181,-0.7294939815439034,-0.5441044971958987,-0.977269028627746,-0.6368922395843153,-1.1343114282868074,-0.6986584668428508,-1.22576520197137
peace,0.0,0.0,0.06640464125129343,-0.31514664330472814,-0.026829085899826476,-0.650699249178072,-0.3319549036329908,-0.8845991834509377,-0.5963756806045798,-1.0366894658533163,-0.012187680150929877,-1.0260798532072177,-0.07026078585074624,-1.3842875162792425,-0.0994893244531285,-1.6440171029289592,-0.13574915663818865,-1.8454189518139155,-0.24415695770047816,-0.9697357268897785,-0.33940579684583555,-1.341647849858121,-0.4226422351402382,-1.5876550010224362,-0.48988210671563637,-1.7937868498491498,-0.41439903149506774,-0.8463620826170797,-0.5963215923108539,-1.04783728471224,-0.5924577867414706,-0.9254364913198665,-0.5594714039369361,-0.8140424810990223,-0.5428658362588816,-0.6901318305244513,-0.6747802620930857,-0.8650206056348112,-0.6537807128061234,-0.807496228443869,-0.5963580511436555,-0.7149842015805351
peace,0.0,0.0,0.02710246410320576,-0.2490731866660485,-0.09186027675997126,-0.5653093415066733,-0.37120281514137043,-0.8014821156801023,-0.585022823360849,-0.9614842134959676,-0.022831607756243835,-1.0114148476096232,-0.06424196985369031,-1.3759820896327966,-0.07648712990459228,-1.6485501428258267,-0.09530589318240637,-1.8378007458276797,-0.23367244737732368,-0.9723153744216388,-0.2941490904497455,-1.3557502771331948,-0.3698915865219787,-1.602866074671089,-0.41899155269143296,-1.7689799473607406,-0.39091837773642135,-0.8745740192782385,-0.5658075432458061,-1.0938844241650676,-0.6476758309217977,-0.9893238026709826,-0.6795101711763272,-0.8498644976485757,-0.506776291345733,-0.744794049406555,-0.6454281784415445,-0.9260538102070222,-0.6977464174760631,-0.8929894806942306,-0.7140165445826682,-0.8024910940706139
peace,0.0,0.0,0.2429105850224392,-0.34330316528628774,0.25107727593962104,-0.7463750276235374,0.11201065263218159,-1.035851406050471,-0.03908965733940347,-1.2878022984114847,0.2141743292048614,-1.049715151283913,0.11707453583960642,-1.3593046710028722,0.060509393037936114,-1.5784382602230658,-0.0030431954716176766,-1.7177398272463185,0.01714873239994235,-0.9998529496766387,-0.10349102383779163,-1.3201464874457947,-0.15888100700411703,-1.4498195869755912,-0.1728421560347678,-1.4969183620731072,-0.15567132439389528,-0.937827901555917,-0.23893021459826655,-1.229386669170751,-0.25606464748937174,-1.3112345971248942,-0.25622927754890606,-1.3023246567370172,-0.31816825005474436,-0.8515474508510908,-0.35152918987974846,-1.0952382876446902,-0.34046842694025076,-1.1823791230825367,-0.3219357063635689,-1.1910400291671588
peace,0.0,0.0,0.32250649951436205,-0.2870489259760039,0.48503736607470743,-0.6233636384756494,0.4985335446946256,-0.9251142694845698,0.35252236523692104,-1.169768016177638,0.41907385509080336,-0.9734530647086422,0.4970424259924567,-1.283760565969381,0.599238013219476,-1.522887472081064,0.6759412950426774,-1.7029472409574957,0.23194631912639718,-0.9727285875534427,0.2787448634121282,-1.3429482949283924,0.41921624924436535,-1.4943859288758479,0.5676468786738852,-1.5649542916965242,0.05092976136579937,-0.9111885857891647,0.04341824643705674,-1.2888854155275362,0.14135076352838807,-1.3305341421460024,0.23730611010479585,-1.2785251688798376,-0.12850822231224238,-0.8005446658865992,-0.10024092820939662,-1.1017703859505195,0.026679340229747626,-1.1521821595500519,0.1370715244204324,-1.0952380318230273
peace,0.0,0.0,0.03442384207205364,-0.39230921664279766,-0.08119429772750195,-0.7181573538778435,-0.3632130630519332,-0.9441153034613907,-0.6062779760147181,-1.0962681161900534,-0.03681905144513687,-1.0356222110288744,-0.10075036765493085,-1.3635295513006074,-0.12794688221436185,-1.6057429361749116,-0.16091058362323002,-1.775114659729498,-0.22789645131492683,-0.9736853739674142,-0.2898385835374502,-1.3190630107681254,-0.350834489389264,-1.537424413550449,-0.3837566805176543,-1.6957108430019467,-0.3686772910433956,-0.8617099267535702,-0.561455099509615,-1.1158105699890342,-0.6047415282983536,-1.0464208882875263,-0.5953545315235138,-0.9459150908842033,-0.47782672970908363,-0.7120613942602484,-0.6396133788189354,-0.9188953968817052,-0.6618644493364292,-0.9069399633218566,-0.6322191591763735,-0.8306103111518538
peace,0.0,0.0,-0.04899093897972085,-0.31782966871203333,-0.21949901365870397,-0.6541292901026035,-0.48613396186610625,-0.8848331884536066,-0.7045528132388634,-1.0766688142033567,-0.05619021407364952,-1.0370993426376236,-0.13213166002122698,-1.3879207824333175,-0.16665554570220636,-1.6512910854552345,-0.2085054325594594,-1.8308084012585677,-0.2265876370701131,-0.9739907816437395,-0.3106394588319597,-1.3431796998190828,-0.40435423782842805,-1.573433257971487,-0.4664156264383328,-1.7362484181116102,-0.3641364632883385,-0.8579816511916523,-0.5742773725742272,-1.0891094183822394,-0.6501291943971963,-0.9990213323905812,-0.6700149091859432,-0.9036379933099032,-0.4768825840316671,-0.7030589220690364,-0.6614298712977578,-0.9047278750003956,-0.703785868109981,-0.8720533864016625,-0.6987073390511664,-0.7912476588464327
peace,0.0,0.0,0.017692209937583768,-0.3719726403477448,-0.10122165005813995,-0.7132784278642793,-0.3587821122447387,-0.9649935991908088,-0.5819871491974623,-1.1796670970672036,0.028159345154432355,-1.0560438166391974,-0.03273570426269474,-1.4387952001003481,-0.053709349986152954,-1.7307245924693422,-0.08111552149456489,-1.936634248576605,-0.16219321943492582,-0.9867590179822701,-0.24124367185342674,-1.3978697750095086,-0.3251827701610535,-1.6495193127711472,-0.3779712620775485,-1.8204294188209353,-0.3157599529741235,-0.8749020633662824,-0.5264324946835176,-1.1539836914693098,-0.597393652659459,-1.0791386848691915,-0.6087634130531698,-0.9775207603431609,-0.44063742366614417,-0.7428450032020436,-0.6007876862566944,-0.9601528631370081,-0.6402256273408589,-0.9418546034809101,-0.6327445162532045,-0.8661013951542714
peace,0.0,0.0,0.2110618593950412,-0.4161160379437117,0.21495990500816464,-0.8223319334781205,0.07479002355814014,-1.145081800420897,-0.10167381801164613,-1.4153654460859637,0.2380101070380421,-1.0330596963108754,0.21318474491687772,-1.354772728171542,0.1867903593369079,-1.5833789634304083,0.13304151012375787,-1.7260118132556506,0.01787766794430417,-0.999840181723496,-0.09083063363446184,-1.3520479956129976,-0.1735105415330771,-1.499054363460651,-0.2194769283882435,-1.554350515123812,-0.17609519961224934,-0.9502880774862387,-0.2672081590385809,-1.2677175276582937,-0.30275622255568585,-1.3923529127336471,-0.31520893841679126,-1.3981897595021349,-0.3675754039504075,-0.880774697424016,-0.4277335123991013,-1.1565362963266386,-0.45723026376240944,-1.291490627575634,-0.45015281140229296,-1.3257909398097638
peace,0.0,0.0,0.03799037228051805,-0.5280518481852573,-0.025577401751681522,-0.9784501950489651,-0.15416224410367038,-1.2642210324230878,-0.34005761926541367,-1.5424412275868293,0.04088896085569747,-1.1004717518640017,-0.10516722097341212,-1.4033529433876868,-0.21400697372090993,-1.613297226280359,-0.3016435831588344,-1.760728375089876,-0.06682501209027257,-0.9977647106202618,-0.22011520751911895,-1.295636342616469,-0.3401954341006314,-1.4725572322544007,-0.4341087501332068,-1.60168620475469,-0.14106010207188424,-0.8854640146945564,-0.27272962195734085,-1.1679374666804312,-0.38088146845108245,-1.3382669676502885,-0.46933406629187785,-1.4614648169077273,-0.18911309851423833,-0.7496228708916549,-0.28638477521349637,-1.0084643390875356,-0.3816953156630108,-1.166167431722319,-0.45990056295973625,-1.2786167457648163
peace,0.0,0.0,0.17400149784432672,-0.5089470212762007,0.14188969460531112,-0.9289989700209808,-0.05690370861203992,-1.1995679781207416,-0.25589155148334697,-1.4476885506185557,0.047143309924356176,-1.0360883084245176,-0.11859138781684982,-1.349174944836294,-0.2055484822050546,-1.583903226600389,-0.27143511405349885,-1.7607649754089425,-0.14248641668895667,-0.9897967574503066,-0.25736098669343777,-1.327166216578014,-0.32233271389829193,-1.5791283880641822,-0.35378606518294003,-1.7816937317919166,-0.28260859820689876,-0.930823116017269,-0.36910186907105513,-1.2585301513897231,-0.4033929066452825,-1.457625431608659,-0.41252873873576873,-1.600297627835916,-0.4034294348715354,-0.853175999914477,-0.4407061594039843,-1.1497543321526624,-0.4798873542752052,-1.3348006630589608,-0.49126660466434496,-1.4670372075478542
peace,0.0,0.0,0.3161791195648753,-0.42089703539864287,0.36167830707422194,-0.8873242072490043,0.21440443850926189,-1.2320342504935322,0.051217510786849156,-1.5243423833170433,0.37446417325400144,-1.0154532143253383,0.27851493159730867,-1.3247493276723599,0.22023749462608713,-1.5532437783707276,0.1616121953991713,-1.7236272993361175,0.156160842904933,-0.9877316392336639,0.10788010714814167,-1.3205886714134263,0.0492995440871466,-1.5115120220067197,0.017741167868710966,-1.6736470954486278,-0.02883621908781673,-0.9570455218365328,-0.059484927794479704,-1.2682409939521735,-0.09111966402026288,-1.445814551998294,-0.11956926236380738,-1.5817960577847583,-0.2049295306783732,-0.9010315034669408,-0.1958834729897595,-1.1792752220583547,-0.219225531700431,-1.3457180556496136,-0.23844627112565103,-1.4756197815076337
peace,0.0,0.0,0.02745363384801489,-0.5016899904315671,-0.06963152311937101,-0.9705407601601002,-0.2060150806664394,-1.286266693670108,-0.42950150421463446,-1.6072377401367544,0.19333856748238365,-1.1137576501336315,0.14843473684886024,-1.429072092040992,0.11320114938292179,-1.6675733393305552,0.057411556058345095,-1.8279123936995854,0.06180079981991712,-0.9980885036616836,-0.11150488955423093,-1.315805504062927,-0.2553870242853756,-1.5067311305086757,-0.38471883499744614,-1.6562619400130134,-0.05264615944055676,-0.8693215413763952,-0.2247937666607727,-1.1718448811186848,-0.34382752375316367,-1.3748909831951432,-0.45470031648443904,-1.5126384163238105,-0.15579167328915486,-0.7093939964698909,-0.2849306925651703,-0.9998185781938327,-0.3979466707269007,-1.1899207451708576,-0.5016266473955114,-1.3275491124422771
peace,0.0,0.0,0.008050111561269864,-0.29524842075280106,-0.0932658807929314,-0.6226195931541675,-0.378641118455693,-0.876864014383163,-0.6114381002138235,-1.0573424062110865,0.04007893948991956,-1.0145265276574087,-0.028435942511698082,-1.353624267695432,-0.06511935764856025,-1.6203365730714017,-0.10674015713244744,-1.8228685146194106,-0.14899547803300403,-0.9888378772709492,-0.21111403345629534,-1.3616183701268019,-0.28743046027283214,-1.5626568228046596,-0.3375336815879087,-1.7177241032422248,-0.31362314619298004,-0.8955139820253986,-0.5110166683340124,-1.1109156286323016,-0.5405020008881839,-0.9405608986926632,-0.5100034673713076,-0.8131134993497783,-0.46229777259091975,-0.7556813364857334,-0.6253016889733274,-0.9358348660331545,-0.6223392210567827,-0.8465856000112727,-0.5617915328537687,-0.7476809382737337
daumen_hoch,0.0,0.0,0.1483174469454467,-0.7663396300325834,0.27590882929360006,-1.458348367178048,0.3495916043364389,-1.8619323558134835,0.3582437118208694,-2.235276975641655,-0.14091444184929086,-1.5484690555221885,0.7181731733994228,-1.6984694549968153,0.7627229534388766,-1.4399403658416732,0.5676649370899703,-1.2565746247763159,-0.2539353406451341,-0.9672211964030978,0.7578538177826908,-1.0671800171171877,0.7517373979367576,-0.8707102395425234,0.5655477148356088,-0.8582333416637196,-0.23439502121050926,-0.3891269326989458,0.6974689271844573,-0.4981613612929087,0.7104810747374216,-0.38562787956381467,0.5486759513934015,-0.42516474640199864,-0.14044562635209046,0.11091318711839394,0.5805976433534329,-0.036802296253081845,0.6211459880185123,-0.010082330418312207,0.5146017920998636,-0.04210724011012577
daumen_hoch,0.0,0.0,0.07111236190950336,-0.5975291870961952,0.36086037389444614,-1.13793586529119,0.6176152979209852,-1.5073621422194141,0.7261115029864542,-1.7904469189251786,0.310455136531315,-1.3143471525298955,0.9514301209848659,-1.467135131567038,1.151121895343852,-1.3914002768720923,1.2141261300486292,-1.3106321462892896,0.31644816089798067,-0.9486098046427127,1.1824777653089937,-1.023533524012655,1.2035326575394518,-0.9294096733940465,1.1019182523227051,-0.9109332516425659,0.38248498572610645,-0.5478354002580835,1.2267829811361128,-0.6162020750068671,1.178125400050584,-0.5505098993523639,1.0142633752883763,-0.5872183161559039,0.47122768523792874,-0.1657602298207995,1.1580475694087484,-0.25967815121398313,1.1493138044841669,-0.24980537722637167,1.045053181836997,-0.28458601688933977
daumen_hoch,0.0,0.0,0.07294031078127454,-0.8605944577345959,0.054415789886653784,-1.6477926779761372,-0.04806919637510508,-2.1180016062812297,-0.27740923233968884,-2.6135826218879523,-0.4620684505498312,-1.5008682652943246,0.38094566054566914,-1.6863120834108691,0.36022785111667377,-1.489362985950413,0.11735959523358182,-1.3940308964672,-0.5118711052654095,-0.8590622629323023,0.5905832608506771,-1.1015534424424664,0.43589201172226416,-0.9570178046796685,0.15740229553137067,-1.0136954282467487,-0.4057714945592303,-0.2840407800461,0.6518966597851371,-0.5598948651086214,0.4738956890991163,-0.4634057835246243,0.16775370556019525,-0.5162058440915864,-0.22987450073664642,0.15855788237859117,0.5774344593943694,-0.09544950622542474,0.42968485059209205,-0.045330044900873306,0.13420780476598673,-0.046571352215479846
daumen_hoch,0.0,0.0,0.16303039470670855,-0.7875949611557537,0.5424099761285642,-1.598911744327764,0.7724739705206464,-2.1735560131458502,0.7344931672854224,-2.6364728730916616,0.4226760364248655,-1.5195304106425163,1.3972431310447597,-1.6075281902353273,1.539518317823701,-1.4840682159248404,1.4772099365054525,-1.4257891120721475,0.3925579498548885,-0.9197272726225567,1.6405480979056837,-0.980042539905654,1.63500683812074,-0.937426119417493,1.479727523511927,-1.0010510825797256,0.44155122618636744,-0.3342430931146124,1.636901595232499,-0.43761592773960206,1.5686456845822383,-0.45132197960733295,1.3493056593731372,-0.5951316219492859,0.5214157346095261,0.18422310123437213,1.4738479976313996,0.05544353504195756,1.4728113098216389,0.036626717341816016,1.3387695022975834,-0.06201389426868523
daumen_hoch,0.0,0.0,0.16521725424941602,-0.6029426721163276,0.49970039576564834,-1.1437508474969398,0.7947694657691183,-1.5674087821807088,0.9521262608206007,-1.9375117498024004,0.41321928036747135,-1.2754565642134286,1.0456663094294985,-1.3718843531204754,1.4700949335365716,-1.3082859902124586,1.7374574912894163,-1.2387641986037066,0.44299504401045275,-0.8965240604591584,1.122100546528253,-1.0309900147414226,1.6168731582777724,-0.9671711338918644,1.9312110927533737,-0.8768492093131959,0.4895410679198768,-0.461231754205007,1.0604361810127878,-0.5999992125624451,1.5068903123670747,-0.5959959637775375,1.7927024593257936,-0.5319771226957102,0.5678480786322017,-0.03556663443693157,1.0071995776014124,-0.10312420994387325,1.306987372074802,-0.14697975769439783,1.518813334396342,-0.16930250919699585
daumen_hoch,0.0,0.0,0.15623702140706452,-0.6474167345739404,0.5400242091047467,-1.2046862896731054,0.9479466330919836,-1.5472065851501031,1.2240136004321693,-1.81916182379071,0.48135456340550475,-1.242174535356754,1.0983964835105802,-1.365702752172146,1.230062209028047,-1.288583116420089,1.202665876064728,-1.3107519356890593,0.5570640956057054,-0.8304695017801662,1.257014184750539,-0.9056097167462298,1.2417893762098828,-0.7688824303501075,1.0970767870896614,-0.7391257281970087,0.635070092777105,-0.3982162896407027,1.2566478501021645,-0.47285208235428866,1.1923398955670397,-0.38956036415766243,1.0124212835151112,-0.3897035294225444,0.6954931414349964,-0.00573478439067807,1.1798505838868616,-0.028066336495335964,1.0948517809055185,-0.0015906701229618007,0.9094000047494412,-0.04449789446593124
daumen_hoch,0.0,0.0,0.16502033019821422,-0.7147615643423216,0.5416593110089172,-1.307318311693763,0.9117943315427017,-1.7477201881192004,1.093397206773493,-2.103254968928829,0.5250770252325397,-1.2371825098109586,1.2128056863965395,-1.2348433707509476,1.1699887472801083,-1.0943525658686595,0.9743076122758343,-1.0347774356444883,0.6080440645692201,-0.793903278455343,1.369523984946186,-0.8392175029134818,1.26652927456984,-0.728273090063692,1.055361470488286,-0.6642556048610462,0.7055255622350461,-0.3458272888965328,1.375479877617356,-0.4252969621019248,1.2471174666320928,-0.3929248071229493,1.015380275682013,-0.38229893253014113,0.7889067633504318,0.04741095897161499,1.3241798163970047,0.015122154860779507,1.203051171890259,0.009045708056840641,0.9795129582494448,-0.04024874720415979
daumen_hoch,0.0,0.0,0.03551459625537156,-0.5478404173123578,0.3031861163923945,-1.0063985608836057,0.5241186174493735,-1.3511878987423773,0.5958385300031706,-1.6475455136080317,0.39303605290107196,-1.1667621820962604,0.9844338589845313,-1.2215139623858144,1.0476554449782534,-1.152726811239417,1.0161867231608164,-1.118945367867996,0.4429894879468485,-0.8965268058282413,1.1384942821917405,-0.9313571680919022,1.0711555640453256,-0.8465796791337713,0.9371306422876372,-0.8481182949024315,0.5100344679324277,-0.5810606395425452,1.1420946626374096,-0.6330260832550255,1.0356047169824463,-0.5740123452827841,0.861185733658808,-0.6035494677001706,0.5797026558612953,-0.26885535778220565,1.0582344612692567,-0.33114419628274794,0.9873683973922989,-0.32401318265585505,0.8579391539864141,-0.3621090496458295
daumen_hoch,0.0,0.0,7.667771519173449E-4,-0.5456830280515124,0.2504423006927829,-1.040827232830005,0.4707611742276191,-1.3965486469143709,0.530794194658585,-1.680109848565772,0.35242612185300626,-1.190550402672185,0.9825781810329646,-1.264487226650789,0.9941051667395091,-1.17400706717728,0.8868576791822183,-1.132459926877154,0.41778084540225785,-0.9085478332014086,1.166750290398161,-0.984595982076633,1.0543071952047915,-0.8761469430602777,0.8551557807603731,-0.8564509016271157,0.5035959275813724,-0.5836223706983352,1.184165315579493,-0.6883096826414535,1.0345594036026313,-0.6158573505265335,0.799525624619617,-0.6339652630938363,0.5880207706253745,-0.2646186581674601,1.0986975426331622,-0.3657413127830158,0.9948854280903908,-0.35086824132536426,0.8239846860085698,-0.3813346044623767
daumen_hoch,0.0,0.0,0.16741706773729073,-0.37977507767444435,0.36605891184551625,-0.6914260185616378,0.5919189556654402,-0.804222120533051,0.7972987833572169,-0.9090925413862192,0.3410843740696622,-1.0577996553835738,0.5740469856036869,-1.1628129183397142,0.6585655995186425,-1.2845056865880013,0.7183848631996607,-1.3824885901313289,0.41386815496305057,-0.9103368334344603,0.8027113881629158,-1.006966935665164,0.8889479560903462,-0.9810101725529514,0.912729198110692,-0.9605435146158395,0.4824005245087648,-0.709334464530886,0.8706879593483823,-0.7956144186696295,0.922964495203753,-0.7720253530731843,0.8890093615749062,-0.7806244826609834,0.5546564981459783,-0.5326066808569426,0.8485865334612122,-0.5463075390508308,0.9214893640191106,-0.48610742141002056,0.9167831847024519,-0.46684980422445804
daumen_hoch,0.0,0.0,0.20852857504122163,-0.4595974897782082,0.4384804919374066,-0.8337418327159741,0.7289725518751149,-0.9915881435296108,0.9787628942056974,-1.1108726808059033,0.31294873158664577,-1.1503899426254263,0.6150058825629332,-1.2498274984110667,0.7780906388184905,-1.41753508256096,0.9169898420579986,-1.5538264091541065,0.34763702965652327,-0.9376291887583222,0.7908732008617421,-1.0338921686716462,1.095243742048191,-1.037046005407606,1.3086887014138344,-0.9879294994746254,0.4098200284995544,-0.6819876199568842,0.8423760094842719,-0.7907181688424318,1.1625799047724306,-0.8035466731877465,1.3381844033432428,-0.7906497203923946,0.48798360141224223,-0.49362111247795404,0.8107664036562917,-0.49430801499422555,1.09917580790088,-0.469020311731719,1.2881521203891781,-0.471118405526342
daumen_hoch,0.0,0.0,0.13752787534873265,-0.6473014416168628,0.402948809664809,-1.1531142182035723,0.7535063293256721,-1.4333913718471976,1.0180437362822747,-1.5486462006148924,0.2546507575242412,-1.2711849435105567,0.6708885571605702,-1.513106608215416,0.903720460534948,-1.672233119545337,1.0436428615489899,-1.818809608610569,0.29872721281646253,-0.954338541777973,0.8889616198715751,-1.1694180854048721,1.1826839072183726,-1.2196511166883122,1.3416848036915314,-1.244842385839892,0.39882994557190105,-0.606084443827707,0.9680569873452819,-0.7998141678371485,1.2810358753659714,-0.8890256943085978,1.4385641457950142,-0.9480450081859618,0.5251198162712898,-0.2959022662154469,0.9822462774573416,-0.41610446206022705,1.2805290719092943,-0.4641076788017779,1.4656612372786793,-0.5286256895165979
daumen_hoch,0.0,0.0,-0.03208022177019064,-0.5085042794699887,0.20642387129487075,-0.917846454168885,0.558423291164054,-1.087865201247917,0.7915360811343504,-1.1116207208293742,0.2825884979178876,-1.1662746510691313,0.726837254761583,-1.2964228206453365,0.7553468283022488,-1.1883084817521308,0.6657862162540805,-1.1333626367926295,0.4786488485119699,-0.8780064235631567,0.9329236650659949,-0.9366811825681454,0.8458908212106823,-0.7653065120469417,0.7056477742000153,-0.6791136331141299,0.632918053966888,-0.5209842566366322,1.0252689780989275,-0.5605524049086417,0.8906589184422882,-0.42415497803319246,0.7353906849400104,-0.36339266500984807,0.74167517332612,-0.16066970228547378,1.0628969748348285,-0.2077192989245178,0.9555299635367073,-0.1357344645279794,0.8209707323222221,-0.11303926611530324
daumen_hoch,0.0,0.0,-0.046275967219124574,-0.5788997227389421,0.16421361497766201,-1.038270810415777,0.45400802845387483,-1.2893431596188665,0.709865829202303,-1.438926709870434,0.21206843382298357,-1.1252810889123968,0.5642969632869363,-1.4968748221520083,0.6844508891256753,-1.6793262364773986,0.7116050740311101,-1.7748297446313333,0.4052154251395727,-0.914221231009735,0.771630156929711,-1.3116896948024348,0.797649251478213,-1.2695397061940839,0.7346709514909492,-1.1635559029090115,0.5947221177669109,-0.6344947777432591,0.8907828893851967,-0.9782129611882696,0.8691787542649074,-0.89818767519548,0.7804827290505654,-0.7921088091043209,0.755680842942552,-0.3267065931651552,0.974587629834445,-0.5828254121077426,0.9192586495565258,-0.5497904802087545,0.8237656337069865,-0.4819717641707179
daumen_hoch,0.0,0.0,0.34199252774240596,-0.1756829940780409,0.7021270321046609,-0.4059191987386769,1.049106597519509,-0.5292694199423227,1.3378806786638766,-0.6118079383455678,0.39872086294132225,-0.988265738459569,0.5954665558395261,-1.3100860995155188,0.8175307223611831,-1.4634832299110894,0.9691635283576773,-1.5381526152067362,0.3732767440991989,-0.9277200398367501,0.7059408359013882,-1.1950020060556448,0.9401077348186936,-1.2042132629174997,1.0762500054101565,-1.147053779902756,0.41653208285229815,-0.7675954064923489,0.7477489456924227,-1.0033686593270639,0.9195598350529751,-0.9962656638143206,1.0002704367986899,-0.9250163586879829,0.4890981614150367,-0.5681695067435062,0.76441935319682,-0.7319551685345211,0.9136791385472803,-0.7935831862308776,0.9984242409745842,-0.8066665478102212
daumen_hoch,0.0,0.0,0.027584743270968413,-0.747127137942654,0.27405068163523305,-1.413157179232852,0.4795320630844315,-1.9063400551619343,0.4764666046515347,-2.2710411109540396,0.24169664050910453,-1.3173313317871485,0.7786327028488034,-1.5004111128481405,0.8202200585423494,-1.3849938042304013,0.7042467826258044,-1.27520629060237,0.41810631659874953,-0.9083980999651123,0.9707629804014797,-1.08065893269635,0.9465213035592306,-0.9399541276688786,0.7992835071172122,-0.8393791424434897,0.6132452036758411,-0.4625127019765326,1.1046937496337281,-0.6386143421303528,1.0414777634023198,-0.5328877689229449,0.8727231559715006,-0.4582639347657723,0.792699802469328,-0.02634208122742165,1.2082789722157135,-0.20026367843705115,1.1225413016682713,-0.17086603098767986,0.975850582056992,-0.16129813429809822
daumen_hoch,0.0,0.0,0.03849042416695054,-0.6063280601048527,0.3087566886161,-1.2309081789836855,0.51082028756619,-1.688140553039162,0.5249488000090838,-2.0627853549499893,0.27442630134091883,-1.3477744528570372,1.008603503267695,-1.515721072176314,1.1638149169084964,-1.4161109923945168,1.1673360865536277,-1.3572791706632545,0.2943443858065297,-0.9556994206047091,1.2485457728673977,-1.1218061474432168,1.246775924187321,-1.008753419595951,1.0954991645634804,-0.9877226554641796,0.36474846017702867,-0.535976292637129,1.2669539615325984,-0.7019570536082623,1.197921502943078,-0.6177629365156347,0.9700798647823515,-0.6495724248091213,0.45404594599333165,-0.13607544729163196,1.1581626081403622,-0.30147800798543656,1.1162201543379962,-0.29422124428595753,0.9404664755883166,-0.3393936210912209
daumen_hoch,0.0,0.0,0.025818060417985737,-0.6432554557431214,0.2551675003576162,-1.1105353347132274,0.49198511300005715,-1.5052345427467773,0.5610626337257834,-1.8247492888441281,0.3447772324418476,-1.1976310616943555,0.7518823035020845,-1.187099641360758,0.8130630389302484,-1.030976639174029,0.7592094022445436,-0.9400800521897503,0.50086544926849,-0.8655251595009088,0.8369807202024486,-0.8940623772772457,0.7973886743059473,-0.7459587228410156,0.6853381130795099,-0.6212962309284306,0.6358550229520585,-0.4871877846554775,0.9290854373244728,-0.5706953305455637,0.8817260849707319,-0.49408972899687775,0.7648145239511351,-0.4047334621680145,0.7565516786800297,-0.14787175203565245,0.9899543250508075,-0.2186752165488351,0.9431875443574897,-0.1869426278003294,0.8498096016870313,-0.1760442320889757
daumen_hoch,0.0,0.0,0.006474855224178476,-0.49327170079145094,0.19091678474840043,-0.8245696976614247,0.44339192363362423,-1.003716067850826,0.6230825909551244,-1.073927601695067,0.24347994938890968,-1.1106995522285,0.45386236894647847,-1.2875801731023186,0.48999403416357556,-1.3775135432634042,0.48740335807231333,-1.4620518706597614,0.45443436590051933,-0.8907802237862001,0.6968413622496081,-1.0280022581081414,0.6193979029688742,-0.9306334518313755,0.5218529363102955,-0.8645423757274026,0.6282861379476591,-0.5866412469715866,0.84320337661978,-0.7084732776988985,0.7313217860306359,-0.6385333244432854,0.6173135132130401,-0.5751615494712634,0.7872958735402231,-0.2982173315989949,0.9279019173395764,-0.36688824853265034,0.8394552499246031,-0.30185588234238947,0.7511351104029159,-0.25997777109892695
daumen_hoch,0.0,0.0,-0.03938218001585406,-0.6709958621202439,0.2871947626224063,-1.3453603608633853,0.6413280208207276,-1.7470449415465708,0.7633260904202546,-2.019376076435228,0.2503512546483266,-1.3616562245744723,1.036085410747914,-1.63596226929164,1.1467370857822305,-1.6278832872112847,1.0475970891713773,-1.5794012038870655,0.42647746504955075,-0.9044981878394833,1.2878259300154606,-1.2652783755178834,1.307343361945985,-1.2027489980127875,1.1466791386307424,-1.1506217454566705,0.619263237000843,-0.43018901677777327,1.44100690219803,-0.8047804312329917,1.4392941604420222,-0.8236961418984863,1.2750878258035412,-0.8561559600876317,0.7957294284744053,-0.013292391943663835,1.4482642327907245,-0.33038556195779406,1.4490109441858492,-0.4146706718081715,1.3525744144695253,-0.5016590040503295
daumen_hoch,0.0,0.0,-0.005168532496645537,-0.5305968897347523,0.18118552232797225,-1.036072198231711,0.3510937923664132,-1.393560909711732,0.4273492604544176,-1.6815315907062571,0.26354324574781945,-1.228441678922798,0.7731094806748297,-1.432214077108238,0.9787980528544348,-1.444605469463894,1.0783979630716818,-1.4100844149499943,0.34180142345622433,-0.9397721994841617,0.9998281199839003,-1.1351990274362649,1.1086688793157509,-1.0612000480377888,1.1013832358275195,-1.020277952761566,0.44475237315323657,-0.602394622201704,1.0744323100609334,-0.7869267764223667,1.1187538303283646,-0.7427128992259395,1.0584108289904888,-0.729406002061662,0.5653444452511059,-0.25113667170335013,1.077106246219633,-0.4087094767687949,1.125143656230242,-0.4397169497862494,1.09912870606558,-0.4708991591446241
daumen_hoch,0.0,0.0,0.10239406823675762,-0.4809597516724388,0.44831465997020004,-1.0310905927896254,0.8617050117482841,-1.3803900451444582,1.0915975826365885,-1.62842824661301,0.24888916665066071,-1.2206746978166405,0.499259229065271,-1.671344776526076,0.7199312075883947,-1.8916745660840213,0.8258387524075542,-2.0361013263148284,0.3557136625113892,-0.9345949873087986,0.6735622590466713,-1.3103581347061704,0.8559682083383894,-1.2597894085665309,0.8968979508983115,-1.1525667138854172,0.5183334693908536,-0.5866556369314722,0.8113127286718276,-0.8956233060174832,0.9738038090385747,-0.872229936621409,1.004532546381556,-0.7970392300558199,0.6895668948827233,-0.21068311363759853,0.9489835104557778,-0.41827390634224565,1.0629493830481698,-0.44659830646730253,1.1087635215220097,-0.4565298393765755
daumen_hoch,0.0,0.0,-0.10672527438133986,-0.5126532959527651,0.10992506317937359,-0.9602069860972794,0.5020509907062961,-1.1355786995184218,0.7808049862675457,-1.1924454971676701,0.278620366467596,-1.165645554440469,0.6605350957794748,-1.5508386233966507,0.7051523882604839,-1.7115379549896226,0.6419069118641756,-1.8773010879921015,0.49989470305870376,-0.8660861884673202,0.9257594029832844,-1.0638256414261607,0.8233478363470754,-0.8617918353212701,0.6510064560320147,-0.7709123153373744,0.6875866482947264,-0.4941323859323712,1.0214396871391795,-0.6421800382012041,0.913055579486622,-0.5069338060243985,0.7687695141391415,-0.4621126725530704,0.8323386653200776,-0.11739511482460147,1.0926203432586254,-0.19290358283850845,0.983057252262061,-0.10040527713149293,0.8528405391463905,-0.08180159531503003
daumen_hoch,0.0,0.0,0.17895768313070953,-0.3167334434605152,0.4904998059580281,-0.5881316527980274,0.8900705058950072,-0.66813190223748,1.2279504541401225,-0.6816886351006166,0.38212903112070934,-1.0723584916502087,0.7580818795387239,-1.317332329291224,1.0185878165260145,-1.476845038418465,1.1862910252147818,-1.6043298455741912,0.4474489931682854,-0.8943094534402998,0.9523272211065725,-1.1177862329154817,1.196341132198977,-1.0759609008712445,1.3226886884905853,-1.036417350999298,0.5335357848430095,-0.6188159943220246,0.9938670687383151,-0.832100334131742,1.1768573898309174,-0.8179781837822081,1.2423801122454166,-0.7915484427582209,0.6332712249870606,-0.32286248528795586,0.9883832562652214,-0.45393759792647703,1.0824425892075842,-0.46079195399286615,1.0986767053718332,-0.4585939879327553
daumen_hoch,0.0,0.0,0.019730224722321835,-0.6210092125696264,0.31233010114684984,-1.1926445516631228,0.5880955118845925,-1.6001597544905468,0.685696741745139,-1.9550738969439254,0.3745967091018169,-1.29433108608334,1.015145949829192,-1.474306219301742,1.291267134896772,-1.4491584970721856,1.423741111844003,-1.4056743445325137,0.4205110966113303,-0.9072873952760153,1.1722167216718855,-1.0845808767599512,1.453332908613426,-1.0505131426241228,1.5907258523818846,-1.0460367695267558,0.49672937421364244,-0.4835526520808294,1.1685975403079814,-0.6377555516695047,1.421483807599396,-0.6533763976965483,1.5411960961543776,-0.6802619783985658,0.5993858457535383,-0.07102196802426743,1.1181252980113527,-0.20978877151345682,1.3311861911781009,-0.2814826366799275,1.4676255377379268,-0.34819370043935194
daumen_hoch,0.0,0.0,0.033360407781369596,-0.5953111965054819,0.3435693010772285,-1.0131886558985375,0.7338351927679561,-1.266928963426987,1.0008750224494556,-1.4566228620587884,0.4043468331801743,-1.231866669701068,0.9405459253933689,-1.3642406851391058,1.2283567641333086,-1.3656510579214185,1.4151633811061333,-1.3722991986364375,0.4388454436471012,-0.8985625613112194,1.0383764666052748,-0.9829355951232144,1.365527657265457,-0.9959183366017897,1.598277194206179,-1.040191879127857,0.47548191857635713,-0.5104773723901427,1.0253489626400891,-0.5796308569367571,1.3315002681790709,-0.613535098548667,1.553316415856267,-0.6668611957198628,0.5368385273726045,-0.12641898435732393,0.9560126810610491,-0.19375209402424318,1.2028208795205066,-0.2636158032735725,1.4034123169175081,-0.3415986376678273
zeigefinger,0.0,0.0,0.17589209389237406,-0.4817400576573785,0.14237930995868522,-0.8627861717518699,-0.05806274552206943,-1.1421407411876487,-0.282120645201477,-1.3500429823631241,0.16210932784345605,-1.068302200230427,0.07674424308841521,-1.3335318339990037,0.031372665067700825,-1.5524036604533045,-0.01938397500465633,-1.755141949097953,-0.06255431219830322,-0.9980415612715721,-0.20507627155610744,-1.2965537560694316,-0.2397020986821275,-1.2829886484414208,-0.23256566099454618,-1.339779499801213,-0.24683258477226214,-0.9049642926283334,-0.4007194500988176,-1.1441905941590287,-0.2897784617193483,-0.9418611737641687,-0.16641157703900478,-0.833760892292983,-0.4240535853516607,-0.8007723212836063,-0.5409209477410192,-0.9873703470496624,-0.46307386419875274,-0.8743854572962597,-0.3521452513631805,-0.7885947860888805
zeigefinger,0.0,0.0,0.29722952574948175,-0.40949873280520616,0.2994824984185728,-0.8092373535801091,0.11747432616297249,-1.141360394352718,-0.10012827701215253,-1.3311986249049113,0.19380201693080756,-1.0486194966152158,0.11625162079580698,-1.3291119137211551,0.07098168269638856,-1.5305775041135627,0.015852375978699516,-1.7201283618284289,-0.047736522381317634,-0.998859962372573,-0.12446972678802194,-1.312411211071849,-0.17464344063626017,-1.4670424106861317,-0.2168126601050916,-1.6729039132077608,-0.25162920883610906,-0.8892442385924721,-0.34126219608404007,-1.1884787295509214,-0.17463200513377608,-0.9077746663091633,-0.06612561443449454,-0.7324950365073627,-0.44022985893392114,-0.7447328109625967,-0.46480520047153534,-0.9739597810925203,-0.3228083326300744,-0.7986462914825833,-0.23780743860710304,-0.6580877060980854
zeigefinger,0.0,0.0,0.3208306256682108,-0.3077752999816591,0.4706830992818068,-0.6831115365273721,0.48845056847531687,-1.0202074281974056,0.3867734612466819,-1.3327132001333661,0.14511242709724967,-0.9973191184770791,0.08617926517128467,-1.285298145161073,0.05498898948131025,-1.508922186195432,0.026199010902831808,-1.7264248107744213,-0.06091600813230469,-0.9981428955581585,-0.007306485075897033,-1.361707253662858,0.0715070239211176,-1.5028181065363364,0.13571604309272078,-1.582371683586267,-0.26125469147696695,-0.9417752603286924,-0.11209049209493928,-1.2292552699575383,0.027690910042032717,-0.9477954713835902,0.0918897163474547,-0.7224161167709149,-0.4618928306478707,-0.8473985286935067,-0.26261956809303927,-1.0705516608512924,-0.11070628398216685,-0.8653358779735845,-0.04332790240110178,-0.6599836803833133
zeigefinger,0.0,0.0,0.2646742554409134,-0.22376295047945374,0.45796670133405387,-0.5958262513504361,0.510322140127059,-0.9094643718802959,0.38887893111689664,-1.1781522166646639,0.1969056387528486,-0.9991606794299858,0.18606520844753036,-1.2280106497750498,0.16787088901157096,-1.4036876519399064,0.13175463217645725,-1.5805656732107631,-0.008133388943286683,-0.9999669234451193,0.020292206224122873,-1.2721532335708787,0.08507228604307637,-1.3961988919664632,0.13834665222666634,-1.5102869555498484,-0.20643815831483373,-0.9274093058866851,-0.09563454257347107,-1.1294362038981385,0.02528587689888331,-0.856422271429779,0.08680665609168879,-0.6561466928181965,-0.4125392885747463,-0.800349388490934,-0.25317084146627333,-0.9570562764161289,-0.11481516094195181,-0.7628932811802164,-0.046913674967640644,-0.5854557183862854
zeigefinger,0.0,0.0,0.32569966601750283,-0.30499395326109235,0.4592016615389543,-0.6914701464008975,0.41033774205352946,-1.0685293248115255,0.2518021417786497,-1.327935077544054,0.3950382745886576,-0.9852234367101544,0.41072730423846104,-1.3101263579083355,0.41408019803209833,-1.5082103967955167,0.39375466809992565,-1.6969735594006319,0.1830631748596161,-0.9831011514642416,0.17174957144257952,-1.3339107319852832,0.15409943585198918,-1.4977611287849375,0.137762775005544,-1.7284244339555277,-0.0216010319247712,-0.9237542028228276,-0.01969611108639266,-1.2109457652401259,0.055997333070931826,-0.9047763868544201,0.07531562893869871,-0.7367819289742582,-0.22620413627201752,-0.8281696843631361,-0.19156351643904732,-1.0409909299132118,-0.10266948719190647,-0.8481344276247387,-0.08009154476691419,-0.707850243704148
zeigefinger,0.0,0.0,0.22814014649655076,-0.3280949920716641,0.29765352627185004,-0.7716551140988253,0.15455825444907018,-1.1284317966834163,-0.06794640623725974,-1.370222586084133,0.2811143457070258,-1.055801261492191,0.24319124176604845,-1.3295015078130177,0.24107670195842323,-1.5268607039346123,0.20623637937006725,-1.7106799960576067,0.05257268782421415,-0.998617100041321,-0.06684355232527572,-1.23834600381528,-0.01982001978152104,-0.952254675158934,0.02934196091700182,-0.8935225645162921,-0.14919655177364216,-0.9281485492376543,-0.27386518600753673,-1.1289663854649614,-0.17684622964442706,-0.8193437080189421,-0.10032361089836132,-0.7110497798061023,-0.33607647281671527,-0.8373695784502714,-0.4234439922497021,-0.9835608881994776,-0.3233909084855499,-0.7823524714450119,-0.2409706493679836,-0.6865582364443037
zeigefinger,0.0,0.0,0.30435933657904946,-0.35623851012859326,0.4044830058122446,-0.7169437402606005,0.3508406974541512,-1.0508699700725177,0.17841984959779908,-1.2733224165314512,0.2525583794044493,-1.0239390834396842,0.2213129680621104,-1.2580873498020173,0.19590888978667068,-1.4311028098405738,0.15579836741516342,-1.6102255364138296,0.039288279350936886,-0.9992279174971258,-0.003463590580744782,-1.2810344539925307,-0.02308036335301623,-1.413500903246098,-0.03978838743677874,-1.6167352067759408,-0.15910375963936302,-0.9102661045738235,-0.18531966385609167,-1.1783613370257033,-0.0479150334812927,-0.8957390461141957,0.022826645676280226,-0.7357258224853636,-0.35761683096605995,-0.7837696569723479,-0.3267866020293193,-0.9816467567808799,-0.18896987906057336,-0.801581626618944,-0.12184963571895885,-0.6679478906636922
zeigefinger,0.0,0.0,0.2996514831825807,-0.13027837364900768,0.4942285524797103,-0.4858428642576684,0.5048728775543043,-0.7871104180129295,0.48984455050370196,-1.0664345143394334,0.1475524069186794,-1.048258267669555,0.08271484867121766,-1.462116984962265,0.07296075460980277,-1.7572244711305436,0.07377779823746924,-2.00986587661169,-0.1352309786813663,-0.9908141008306652,0.08731574047284413,-1.0919817393198465,0.24835186717049387,-0.7211189300334627,0.29336667808460093,-0.48202384476063526,-0.3408002070937772,-0.8455978283612117,-0.04819936732825087,-0.8708290286593052,0.09460060076438366,-0.5197416405877289,0.09972975204589409,-0.3066991094518225,-0.5286993800350498,-0.6443308803211978,-0.2406417614458167,-0.696263407740156,-0.08687066806836617,-0.4445717303495015,-0.06428792012021954,-0.2581376843860532
zeigefinger,0.0,0.0,0.35084470657410605,-0.28889511305612925,0.4486610553011802,-0.7457834296366506,0.32011628597075387,-1.1288893339616384,0.1089921183743151,-1.4009776824707472,0.29875430005730363,-1.0359372464959349,0.21868899677702158,-1.2903444366507655,0.16795602856010552,-1.4451318322244362,0.08665346149319986,-1.6258847671324215,0.06903712928332702,-0.9976140911095419,0.030761178740198646,-1.317730745149249,0.0685406042652829,-1.2022834334714072,0.07461990715022,-1.2659919365001164,-0.14137583707803708,-0.9347498462425364,-0.1736635818021779,-1.1907078029149907,-0.03370950307362183,-0.841855223542172,0.01927853160311763,-0.7007635356961068,-0.341956761523535,-0.8519862294653816,-0.31960568231524483,-1.0288175046971682,-0.1909919920733072,-0.7896566047530902,-0.14464474946981196,-0.6669837314523986
zeigefinger,0.0,0.0,0.2795002246544693,-0.31600837816048843,0.3779218972421563,-0.7705596113038276,0.25292629265906724,-1.117494298744986,0.011477637667701084,-1.3566859663835804,0.09214339171898647,-1.0584347629583453,4.960478025371908E-4,-1.3804148592197791,-0.033610554986863016,-1.6029872170429393,-0.06342759043357735,-1.7897452953577746,-0.13385592681941275,-0.9910008026511967,-0.1934003553627881,-1.33094911505496,-0.11087110568701991,-1.2829544802413242,-0.022685041838436507,-1.211669918718208,-0.34921242719895945,-0.8760291624246863,-0.30741035024438795,-1.1310514982396527,-0.15507624079683233,-0.8751475118226485,-0.05034362617030202,-0.6583846717047093,-0.5672279488117581,-0.7143952621345477,-0.48242196433727025,-0.9134853943280182,-0.32540263515671497,-0.7289672693095265,-0.22210791598373045,-0.5476348645788041
zeigefinger,0.0,0.0,0.25945133293081185,-0.14290888304713492,0.45904641212969893,-0.456131757820591,0.5566621821717637,-0.7178746997113689,0.5252091893600125,-0.9414272988973926,0.05204770306320413,-1.0487358630168009,0.02497229032544088,-1.4680407619141074,0.012667078029765497,-1.7398198348821448,-0.024475347008880977,-1.9637037962626647,-0.1699688329563786,-0.9854494384916187,0.14308857177855197,-1.1846304871268698,0.3657828062480785,-0.9615623010342953,0.43705720357290667,-0.7843576641322342,-0.3111923565617112,-0.8301194608017423,0.08655700391199546,-0.8828598808092569,0.2662883914077168,-0.6081701081060721,0.2848107271702254,-0.4244374026970056,-0.4039016111542221,-0.6235318061724487,-0.048766561944816295,-0.6353953503201801,0.11915531243616159,-0.43427229483643415,0.14789751144813756,-0.2839329006178329
zeigefinger,0.0,0.0,0.3287621838802168,-0.14826263576944732,0.5604197962272668,-0.5186169392330627,0.5833302600330666,-0.8304149213140375,0.5047435794207318,-1.085097552981328,0.29275452579786504,-0.9891124540434311,0.3165769601426165,-1.1822752595029682,0.3253210448704165,-1.356476411222483,0.3136606675274301,-1.5072570115500172,0.03172285046166608,-0.9994967037257234,0.19975717687241185,-1.152961190371103,0.32204351094679123,-0.8941725743181865,0.3823142506665413,-0.6866320931727724,-0.190660797989323,-0.9295425080826992,0.011060997967219618,-1.0182923957633392,0.129509322881351,-0.7045720938624572,0.16881057183182083,-0.4656438810720292,-0.4092173815656139,-0.7912589038316663,-0.17828776392086465,-0.8469338424734656,-0.024462954647949925,-0.6216122524920785,0.040416767223588286,-0.4307252193445293
zeigefinger,0.0,0.0,0.29816535551679635,-0.27520158550235585,0.47834470111808686,-0.623451019069647,0.550415044673677,-0.928941203276976,0.49392012773657695,-1.2057001241231513,0.3331274680207156,-0.9971398826306527,0.33189354880299976,-1.3153512424845926,0.36483072957098817,-1.5356694317877557,0.3813803624574442,-1.7335030207620008,0.14765435077024186,-0.9890390248613137,0.22894384439367665,-1.3373786417714606,0.34095673917133934,-1.1783034234595149,0.3833233093362334,-1.0547657194189675,-0.03172210864386835,-0.9395922612807602,0.07937613668159102,-1.2036165779261376,0.1864777615745969,-0.9051583385748628,0.18135417918058358,-0.7251676523804661,-0.2316968393552125,-0.843899347554089,-0.08225974200174566,-1.0575584817479904,0.02467414375825774,-0.8488152349766768,0.015945206594839344,-0.6737232853496957
zeigefinger,0.0,0.0,0.37024626875679095,-0.40138929429400405,0.5523380213398186,-0.7608106646644259,0.6207703376443031,-1.1028725434142443,0.5613302402683575,-1.4187450406170166,0.3963696658562419,-0.9429106312674087,0.40572566149174316,-1.1799352079559857,0.4285504715499937,-1.3580395757360522,0.42807360457934,-1.5083356569187067,0.21551110541829832,-0.9765013893699195,0.2730794953962956,-1.267905909472813,0.31281220750292144,-1.3530383040445433,0.3228946674005301,-1.442242787663689,0.03353153547244768,-0.9792964252209436,0.07960056980124239,-1.2698798836882688,0.152466913916413,-1.0817711345814929,0.15497958715881435,-0.942623276712957,-0.18841727404967545,-0.9592825798590444,-0.08523084935787739,-1.221631933077072,0.00932540862196674,-1.0584868839816648,0.013389487865392744,-0.8874418990864456
zeigefinger,0.0,0.0,0.36324969243989597,-0.21152505630646146,0.6308876589171339,-0.6017436673856217,0.7304693869786839,-0.9522940926092602,0.6387818777545252,-1.2709137001856108,0.48217215828606935,-0.9396091333181256,0.5359699567474593,-1.2359503625208303,0.6194046547608388,-1.3214566245306483,0.6454520535976686,-1.3684723547032085,0.29666427532461587,-0.9549818363435614,0.4035943748801258,-1.3160506432966281,0.49074814975555775,-1.118728348863225,0.48586306642053645,-0.9575578441251072,0.09324215471327321,-0.9379191885120695,0.23408445127197047,-1.2317512547709109,0.2891592320505623,-0.9187277896959144,0.21467423062596994,-0.7319158287840579,-0.1492712740975498,-0.875539407137546,0.041113465141979395,-1.0808618437665145,0.11680981127727322,-0.8633784756040306,0.058005938089043044,-0.6986812014599628
zeigefinger,0.0,0.0,0.4195480692275709,-0.3506503196555369,0.6023344293661469,-0.708050283957601,0.626807416098059,-1.0782047701308148,0.5511300563838974,-1.3587198276741326,0.6067981228857939,-0.8527036364823088,0.6137154910701962,-1.0743219910383788,0.6119232214833346,-1.2820316943364962,0.5940343200347566,-1.4793791211622378,0.40569052578711495,-0.9140105017375753,0.47578148474646365,-1.1837092847407975,0.43774844535541846,-1.2839654260338387,0.3877383638478249,-1.4161133968930057,0.20423083411512996,-0.9481341260400951,0.2542779563047852,-1.2131470338594155,0.25375813819360415,-1.0197307262971378,0.20518257155039726,-0.9033555622581678,-0.027912609439411824,-0.955576722772384,0.07615938800589091,-1.1903578998865325,0.11821346395657346,-1.034115912172626,0.08959092198389289,-0.8884438992724762
zeigefinger,0.0,0.0,0.3179826302735063,-0.4221163397225604,0.4122254512469412,-0.7911376317245106,0.4171764557482935,-1.1539253669599145,0.34564320951281596,-1.422213916611823,0.3255292751788004,-0.9637237912230389,0.29900590656175435,-1.2425262523229272,0.28830558955730373,-1.4407661461052452,0.267469367873912,-1.6202837324148354,0.13412659136485136,-0.9909642059574332,0.1534988230030222,-1.3332503152045139,0.18664337167702613,-1.3860479799774539,0.20892280078124986,-1.4405116728963077,-0.05542716809337509,-0.9756060288377477,-0.05610634061233038,-1.3193786198518387,0.0366475147058724,-1.0776104308055516,0.0725000940288688,-0.8827780670562634,-0.26982117704872954,-0.9295157282066767,-0.2199827118787455,-1.1954572541564887,-0.13614059174148765,-1.0424753989351407,-0.12109351592460639,-0.8689233487377654
zeigefinger,0.0,0.0,0.37396375672194415,-0.3195500104568304,0.5854804796211631,-0.7058203757073533,0.665072086451437,-1.0709486811590347,0.5549165523903874,-1.3718439542269956,0.41569280916552065,-0.9596130873377403,0.4784462948723517,-1.230794876640939,0.5652076997957616,-1.2881376772252053,0.587983160334553,-1.3375306360029007,0.24680034711320578,-0.9690663489487192,0.3253287076321706,-1.3132776615038488,0.4318759438196806,-1.1970591887255304,0.46739500179076415,-1.1088251031902887,0.06470272543941717,-0.947639618478883,0.14361721177489442,-1.2594481857550757,0.24582663067652552,-0.9803530306159229,0.2396560257351509,-0.7967142483656517,-0.14674849881287344,-0.8937309345388074,-0.001161900825027359,-1.1620308285486414,0.10365409319546613,-0.9600498052125699,0.1001123780843902,-0.7704696181136925
zeigefinger,0.0,0.0,0.336976254138798,-0.24569599108582973,0.5541930453051629,-0.5979534727029168,0.6671846545297835,-0.9095571669202974,0.670150128662181,-1.2072534108567277,0.3761662226802104,-0.9700747122730118,0.45296171480767305,-1.2946075151625622,0.53945486048044,-1.2306610896704921,0.5470990776877568,-1.1275544692927832,0.2167542860264496,-0.9762261927899517,0.33204968254032846,-1.3428430896835004,0.43442060984730935,-1.170218631585818,0.4486384538679515,-1.0070923750701029,0.045194607730330925,-0.9395098249754174,0.21264480083604995,-1.1595447084259325,0.2712835879704294,-0.8476350797607233,0.21440680668560225,-0.6597438531007932,-0.15331856206109923,-0.8591559981145089,0.04889554971669562,-1.0101202792885855,0.12214531924931561,-0.7987061979634338,0.0753950042222968,-0.6467883940676135
zeigefinger,0.0,0.0,0.3490845230519088,-0.2752207897838823,0.5618301914764622,-0.6403176445433555,0.6743747113140356,-0.9513504829975271,0.6482985666467374,-1.246543257773238,0.3569775466761955,-0.9639462484523795,0.4378815584220553,-1.1959063512081656,0.5361205358372731,-1.2394622991864837,0.5822177890552833,-1.2677180446870102,0.18757284300399588,-0.9822506953763883,0.2884812495996166,-1.2917304586344094,0.414159361004772,-1.1851780603862667,0.47825874233839577,-1.1053062712232395,0.018512458891286304,-0.9576381686353834,0.17689010351215043,-1.203680560336572,0.26915925870578666,-0.9082984574328592,0.2553671646406285,-0.7244595245009292,-0.17144351538977384,-0.8996162526854252,0.0430486048849396,-1.0460015570754126,0.13394775619750618,-0.8269147711296514,0.11781955437661246,-0.6626054080613948
zeigefinger,0.0,0.0,0.32419825332743146,-0.3395743285244655,0.489622388006141,-0.7025840751905994,0.4988053481252817,-1.055356009825874,0.3621936780685063,-1.307430557271713,0.3766302320701515,-0.9672168110707584,0.3746179908238947,-1.235723819758509,0.3776579208006373,-1.424530219377073,0.37511017683865316,-1.613254903844122,0.19718646663662184,-0.9803660017439224,0.20462710270241785,-1.3008462382381947,0.25202793687073377,-1.4049172068057423,0.3009799601493694,-1.5007325536273903,0.00569127304854388,-0.9356948868032232,0.04844187888160047,-1.2064081594603202,0.12546808776003246,-0.9392605732379752,0.1579882814986455,-0.7505178852670861,-0.20309712072694752,-0.8611388127975395,-0.10121244983689363,-1.0585877966906578,-0.014096427655912801,-0.8627553379318205,0.010572343302716357,-0.6912096509749432
zeigefinger,0.0,0.0,0.307120458298809,-0.2751181582358496,0.49125743921732423,-0.6616350976235227,0.5322081742040379,-1.0039004266677352,0.48082640371596264,-1.3067959333429342,0.258928588650444,-1.0125566286966263,0.2413106726957601,-1.328380050081505,0.26062166141036275,-1.513235045610249,0.2671641308647557,-1.6556600490376854,0.07115553242372233,-0.997465232579811,0.14440535316895758,-1.348567832330712,0.26458307226851435,-1.1918441180706527,0.3312574157542893,-1.036267140486639,-0.11791763295259071,-0.9343481440401421,0.021897643461703142,-1.1654982460510621,0.12665768239435388,-0.8644505125095314,0.13944080855680593,-0.652187561923147,-0.32020198260707083,-0.8213528474432233,-0.13604185828500268,-0.9977823161784893,-0.017452687229318146,-0.7864893018410085,-9.207090913462892E-4,-0.602299868864441
zeigefinger,0.0,0.0,0.3430118665527908,-0.20616165443624665,0.5729573365176067,-0.5858846215450684,0.6920187896433382,-0.8984584406529083,0.7625408679354867,-1.1979724642183167,0.31454085816070637,-1.0082012317892928,0.2787973243226332,-1.3300155485686285,0.2895771569200395,-1.5614371865589425,0.29357931219174627,-1.759619759440667,0.10508501542944547,-0.9944632419210844,0.31385528732738904,-1.2812037317607736,0.4476057665525096,-1.036817637366146,0.49357011813945834,-0.8331845252916716,-0.08105608655393695,-0.9344967681718361,0.1902243099644469,-1.1404427264177197,0.3005925045172242,-0.8066146117525158,0.28655225558703606,-0.5752368550947077,-0.2864222335324414,-0.8297463617892457,0.007733690477630361,-0.9619182684007569,0.13377811891000024,-0.7406967183956586,0.12740783809712503,-0.558776045208306
zeigefinger,0.0,0.0,0.30131575432020274,-0.23598990102811604,0.509282617623688,-0.5785948430676359,0.6252627436131165,-0.8670968957793209,0.6709610101343916,-1.1499173864301722,0.32590005964399316,-0.9921490081710856,0.3272956060143992,-1.2821953604570921,0.3618964650021442,-1.476799680265,0.38638353087746063,-1.6307268442989136,0.1507924718728929,-0.9885654406393453,0.309578970309751,-1.2890328431045928,0.43334519785198483,-1.1227003586577957,0.4833369600212626,-0.9721000949804439,-0.016451810497575266,-0.9371102781988033,0.19687684668041605,-1.1224972867143481,0.2914578826133733,-0.8248199084245448,0.28186643987159327,-0.6272199101314393,-0.19474025022740923,-0.8382288899900664,0.03991332076110216,-0.9413935334286975,0.14078232960114548,-0.7365807189026358,0.13084965831856682,-0.5750521926847725
zeigefinger,0.0,0.0,0.31025820872280324,-0.39387078704845463,0.44874250907748275,-0.7440091642916891,0.4926596718471175,-1.0761725070246266,0.3782053477891399,-1.3423536230442958,0.28387380000304124,-0.9767164689209,0.25463117040990674,-1.245814199475228,0.26435758502533846,-1.436613518373075,0.2690754264656642,-1.6133527771572156,0.12587319307275888,-0.9920463392733566,0.15391378342344794,-1.3235913961809107,0.21753017377509895,-1.4725850671012324,0.2650665527717781,-1.5882258015099582,-0.04161475795380693,-0.9613726298886847,0.024226911781824054,-1.288688382755866,0.12597862225572426,-1.0463334835042222,0.1588281023593955,-0.8560424642532654,-0.2290881800000665,-0.9067361312670025,-0.10330896637276592,-1.1531177200040932,-0.010339845752112142,-0.9672642526192883,0.0018124476484239695,-0.7763223386905278
zeigefinger,0.0,0.0,0.32882413237032015,-0.3805712320597386,0.4574242988485041,-0.7843408611507426,0.45766745766191064,-1.1506432436201355,0.2919684355759725,-1.400492306611771,0.293625631435591,-0.9762792987069774,0.2814565069029271,-1.2382640248367018,0.28901914284659813,-1.417591327268729,0.27235554873319473,-1.5866946629347967,0.11340138775370316,-0.9935492565824476,0.13870460571540935,-1.3206500369397243,0.1962227587559516,-1.4318430853920345,0.22275205272264603,-1.5314870597762456,-0.0660771448490878,-0.9594353197171597,-0.027925202332826755,-1.293892646296804,0.09682834684825974,-1.0341454141741229,0.1381804072645493,-0.8362741180326206,-0.26468865033095623,-0.8948305664218038,-0.14283316457434245,-1.1659378067139923,-0.03396169202959426,-0.9731755063309542,-0.015026240590190502,-0.7800852211463757
zeigefinger,0.0,0.0,0.22610384090377827,-0.3007844149407239,0.3839071399581062,-0.6763589075424515,0.4636275734137921,-0.9952334607996833,0.3736760308644141,-1.2994654447568599,0.09523883228805294,-1.0488954225521407,0.03366897357526756,-1.4331036476113685,0.03930611642249972,-1.6836543471137548,0.03184800210743775,-1.89650220337061,-0.0720917807097138,-0.9973980023812473,0.01104161542585996,-1.3966324084800017,0.1908654151137543,-1.2541552785354797,0.27431106611902384,-1.1045571717996923,-0.23040220720332724,-0.9118524348840219,-0.053827812869769454,-1.193782130876324,0.10690655313452933,-0.9147264562302029,0.11239180707516723,-0.7359412455595592,-0.3954397265508497,-0.7802364587918323,-0.18632430580786885,-1.0087147730883244,-0.03855325407458104,-0.8178221316636703,-0.0421503184757906,-0.6410792932308101
zeigefinger,0.0,0.0,0.48950211980840413,-0.3284564546211004,0.7460002229118669,-0.7170289029345416,0.8869651018311319,-1.0790568813541883,0.9877419093963008,-1.4322861255412556,0.46478827659272337,-0.933647817164689,0.6450143090276401,-1.138752724569681,0.7870303077283071,-1.2643783480715602,0.8632412688777491,-1.3836322676884591,0.2571137048962063,-0.9663811581123395,0.4915250431812204,-1.3036411239638255,0.5744580514320989,-1.1109734458090363,0.5565877532997899,-0.9428350655301558,0.07784253123029752,-0.9933528989136744,0.371549661697555,-1.3065785269543835,0.44851403651984373,-0.9907996386523511,0.3504908527277505,-0.7823052259738728,-0.10480634041263363,-1.01572060528234,0.2281415737305743,-1.225187227146386,0.3332951027384712,-0.9567593832105892,0.2513733759099327,-0.7472668483867461
faust,0.0,0.0,0.2736212667325813,-0.35876479130416983,0.48895288850689594,-0.7198199117974307,0.5752584537828443,-1.0501271108813488,0.4972850403457318,-1.321216391299108,0.3353545147740057,-1.0194132485299952,0.43372706840988673,-1.178688263429868,0.4075290338745971,-1.0171707422910534,0.33803154796512846,-1.02435821170991,0.15764180197630673,-0.987496360636161,0.2558299019236195,-1.1652504089443922,0.25366064238467717,-0.9105131145876108,0.20206270372318813,-0.9263643842786938,-0.00768218052370015,-0.9289277119403142,0.07409383687807539,-1.0892754337476596,0.09943009396154633,-0.8206960911168356,0.04877309704882337,-0.8024733992414497,-0.17629941531033683,-0.8578532960293613,-0.08771737240556067,-0.9604799005259523,-0.02786320248237463,-0.7917216077616985,-0.05749765131638159,-0.7520682727884496
faust,0.0,0.0,0.33285319725707785,-0.2783616548538759,0.5953221944245918,-0.5982882606163674,0.7092250535278113,-0.874574655359173,0.6311003986823592,-1.1093859687799716,0.3733683957836611,-0.9918890247871529,0.5235190657453631,-1.110799267679026,0.4858750916154512,-0.8803828523640266,0.4126292828051494,-0.822404846674942,0.1972185818032329,-0.9803595416945364,0.3625227351833879,-1.101190413122533,0.36579025692494,-0.7909472861365989,0.2983398242182471,-0.7618846863877968,0.018246525843708672,-0.9255763237880202,0.18215665276930845,-1.0246899034719237,0.20479524132719504,-0.7111180267224682,0.1278077017998203,-0.6677367814708699,-0.15825405484512903,-0.846678757623628,-0.004078690301065117,-0.8668299269695368,0.03879284194079659,-0.6562901822173891,-0.029322716110591215,-0.616453505233596
faust,0.0,0.0,0.3201523391941602,-0.31805850241481304,0.5823220115875727,-0.6615598067700194,0.6863972786209801,-0.9760897103799395,0.5896311129902894,-1.241053564847241,0.39376860678750103,-0.9812701685231667,0.5237867648909,-1.147875731129911,0.48400291485030633,-0.9636845511436078,0.4036394651286963,-0.9202883937943255,0.20396960561483135,-0.9789772213822598,0.34075794838989804,-1.1593687876350585,0.3314292928573802,-0.8800280192597577,0.2668864044502708,-0.8590523804279225,0.016759774186118768,-0.9404398324715347,0.1371873417797298,-1.084007223680293,0.14797691824522954,-0.7878980767840309,0.07985626958239264,-0.7519643855394094,-0.17831225739559778,-0.8803463796489357,-0.04363106866184577,-0.9513809144108468,-0.007347496625532185,-0.7480549908703998,-0.06864330795719836,-0.6963205412527748
faust,0.0,0.0,0.2903879058188689,-0.3307266002728784,0.5095693035150356,-0.6777459754440784,0.6040290590730519,-0.9936331066885682,0.5408507313573653,-1.2759634902402406,0.32431363624137327,-1.0160354843681794,0.4333996020668838,-1.1712284273566416,0.4101610255616603,-0.9854864982916651,0.33952933508539707,-0.9474593591178851,0.15012488786450418,-0.9886670410424685,0.25995686164720905,-1.1503352995153207,0.26996791547296795,-0.879057429067642,0.21438117542545787,-0.8710733498299948,-0.02088433412117632,-0.930070815986265,0.07985290031275,-1.0655394888798668,0.10394389320787277,-0.7839906416823552,0.039033246813242134,-0.7537490822945153,-0.19794884993308232,-0.8591567101057589,-0.09172300844245188,-0.9313778102612287,-0.03572813372531459,-0.7479822578406725,-0.08263781403614184,-0.7063164628671476
faust,0.0,0.0,0.34027790218812903,-0.26934994265071144,0.5900615937294865,-0.602457910078508,0.7112507608229565,-0.8798433046909586,0.7316635756197866,-1.119125871667814,0.3580782444290373,-0.9786722333088996,0.5067026827902227,-1.1246424215792468,0.572865210197743,-1.0032197870962867,0.5666842099411062,-0.9473186123265127,0.1817674705692919,-0.983341541196568,0.3670867099427706,-1.1049528329718727,0.39791621638730873,-0.8123269377589107,0.3247613985226537,-0.7123468724601628,-0.002302512774421364,-0.9309477241551815,0.20188205681219118,-1.0081401592147996,0.22466601605493866,-0.6876423436752961,0.1270738540986362,-0.5821213881630153,-0.20084420229148725,-0.8357780606920145,0.03460249268289574,-0.8488494413540414,0.06899972878545696,-0.6227091212302458,-0.0280810474139312,-0.5396011149132882
faust,0.0,0.0,0.28453821832033527,-0.35508056448287656,0.4882042950847322,-0.7056661870484406,0.5612181510525391,-1.006352448394117,0.5062884194805326,-1.2478367146182872,0.23176668628944858,-1.0011314909681635,0.34777135213160454,-1.1065681375781493,0.3356768556820952,-0.9821584937488975,0.2517101850600035,-0.98586035655569,0.07673276477364507,-0.9970516951543648,0.23698036115242985,-1.0771379601345912,0.24709528092405642,-0.8500330744855059,0.16166329460936957,-0.8503236967650067,-0.07222525843450102,-0.9396090392019467,0.09568015298026052,-1.0062420495411442,0.12322648743775819,-0.7675891397640616,0.033251302222545645,-0.7474645772712513,-0.21842471081120232,-0.8491200731704338,-0.0458349308136793,-0.8789114777416517,-0.004543038844196612,-0.718421155939839,-0.08162528661235632,-0.6797430638521613
faust,0.0,0.0,0.27601739551708726,-0.3900137793095021,0.44479523958618156,-0.7987265741352876,0.48208077393039184,-1.1277323837538697,0.4558475183992218,-1.3493006659815812,0.25914306586958874,-1.0068778251142116,0.36777025007998104,-1.1719081232524247,0.4123783119214067,-1.2108948661975285,0.37233487265245274,-1.3170707987823993,0.06658718913210843,-0.9977806102763698,0.16266699965272047,-1.1913569430850854,0.20211818205079674,-0.990629214894197,0.1524416062203018,-0.9453275970805725,-0.12591851547121283,-0.9441589682878674,-0.035910054001849455,-1.123317930371874,0.01749844321947717,-0.8842460618469191,-0.03924823698343285,-0.8219123499327959,-0.32296983278994557,-0.8586379615237311,-0.18849132624959405,-0.9934668049731933,-0.12388315872075993,-0.8211937946965179,-0.17559587252871023,-0.7506983872800188
faust,0.0,0.0,0.24368632319499084,-0.38916491697791,0.3964990610259032,-0.7805983181103847,0.468286438799098,-1.089243896772281,0.4609695221173111,-1.3225260906946692,0.07480456669142063,-1.010401783975137,0.13720680104687688,-1.161442395783538,0.1570631833279625,-1.1558864416195442,0.10391153037559789,-1.2230368509367373,-0.08704945289941919,-0.996203991534822,0.036234465045983405,-1.1462640148020924,0.08751236337146243,-0.9372677147018534,0.03484753350393498,-0.9019813976093932,-0.23971485818053664,-0.9350137152482284,-0.08635924404339917,-1.0703000077962517,-0.025999609645309018,-0.837089037462508,-0.09433062922444949,-0.7865871848450673,-0.3854842601900143,-0.841750754187127,-0.21455107577525087,-0.9409020890133738,-0.15053126887047563,-0.7760530789513104,-0.2156029736133154,-0.7111671040719991
faust,0.0,0.0,0.32458096231383143,-0.3136816425546695,0.5436105618764197,-0.6846042827319505,0.6237580313520087,-1.026248918299243,0.5393125387017428,-1.3135660971717327,0.3026470795538903,-1.0259849914654229,0.42592957089263067,-1.2219094366394154,0.45366517740038614,-1.0380944564803056,0.3920652267051817,-0.9662012712171322,0.12429276539753993,-0.992245588788296,0.25807597873841015,-1.2109467656352382,0.2976647396644679,-0.8884604006357508,0.22403641706995964,-0.8279163333737976,-0.05982109704260488,-0.9305500168949168,0.08074276866606699,-1.1228192845368417,0.12872321424630037,-0.792634488569945,0.03402661846759262,-0.7281174749875146,-0.259752607518928,-0.8449126051289135,-0.10280432245487851,-0.9733507167603984,-0.04121176787444997,-0.7483955085274988,-0.12212491132731991,-0.6739567830711123
faust,0.0,0.0,0.31623797648721613,-0.29365897464870705,0.570800885166544,-0.6395742591460265,0.6854109150970944,-0.9463320786264457,0.627405637426965,-1.2182543497572955,0.2933619371586291,-1.0091406347167284,0.45881359881457623,-1.1964539166552617,0.4931280815413941,-1.0157678758701776,0.4385830152036134,-0.9088715832818195,0.11160948517343214,-0.9937521435545795,0.3180320659779294,-1.1700791909528152,0.3614117430667035,-0.859829464841534,0.2910073324155976,-0.7389119857600477,-0.06908414044913039,-0.9296031051535101,0.15251853916713007,-1.0536918090220766,0.19124375319454603,-0.7223011916822372,0.0998106984348842,-0.6063301283449388,-0.2519622840122746,-0.8209151807312753,-0.01663731982228822,-0.8782232465808993,0.029486373497936265,-0.6467967193612625,-0.05497608849884673,-0.5500360578073783
faust,0.0,0.0,0.25047860995368426,-0.3504673318314418,0.4346620658243087,-0.7613876422253029,0.45598455912445707,-1.1397081347972713,0.3049899134872571,-1.4391363841229672,0.4047600901402554,-1.0242052615841286,0.39146643461171393,-1.2536186901089792,0.3441521380687968,-1.2625894224299692,0.2705550790102841,-1.3822397218228595,0.1827509049531331,-0.983159247903823,0.12915445704739614,-1.2372732199171472,0.13268385073463893,-0.963337949943338,0.14512017233419508,-0.9707751891423002,-0.02135227799858235,-0.9296205078513019,-0.08064356024489427,-1.1480368672512353,-0.0337186986340013,-0.8735564442189019,-6.547979796342995E-4,-0.8433180875969098,-0.2159722922004697,-0.8625935344200011,-0.25603131543641966,-1.029026426950171,-0.19150909552764184,-0.8534432096751726,-0.15071224946517287,-0.7970595655362944
faust,0.0,0.0,-0.21010834735275608,-0.47083958736443743,-0.2072253012228276,-0.801256044231756,-0.15794074275255424,-1.127110247535554,-0.1953095870115954,-1.433766992722355,0.3927983414936177,-0.8883843427887187,0.5648040780406498,-1.2341731993508498,0.6245227249224923,-1.4803109927273788,0.63565596289749,-1.6862427915923262,0.39125060293085445,-0.9202841766032072,0.5625923743892408,-1.3074641627982877,0.566153572896034,-1.5595800301661447,0.5414589898583302,-1.7746705984591815,0.32269422130783626,-0.9249782773652422,0.33393093190491074,-1.288761533648886,0.2755576182739082,-1.4604350275513114,0.2208310997886196,-1.614330194131798,0.17343827432945771,-0.9134996262130743,0.1347275963506706,-1.1878391712114662,0.06274725458889711,-1.318761594988939,-0.0032955178894133585,-1.428643560973335
faust,0.0,0.0,0.3520627274522726,-0.2935156117173195,0.6077459337722058,-0.6040940046820761,0.7532143890068002,-0.9046022963094881,0.842756016530616,-1.1580670327791849,0.5780256793373382,-0.8691047716219206,0.7776186010429686,-1.0422539228898218,0.828074921186885,-1.0762180757066337,0.8279056838820575,-1.1405628536655514,0.40198933804341286,-0.915644348040995,0.6115276007582562,-1.124863404150528,0.5628436158806452,-0.8980495290235903,0.46216492127889774,-0.8536641154902518,0.20871054136153616,-0.9386217643554395,0.3959314774774434,-1.1060580326184926,0.3463060900208917,-0.8318145196967829,0.2138791032436469,-0.7756311063948143,-0.01259404933979575,-0.9298403312336729,0.182168785093379,-1.0417991578456114,0.18411453239878658,-0.843862722530164,0.07527367030657549,-0.7758457037932032
faust,0.0,0.0,0.32962333736926297,-0.22616598158693074,0.5776276254436236,-0.48778000313539666,0.7183869710741435,-0.7340544626695445,0.7675554207433997,-0.9673801308002598,0.4453109908428751,-0.9303229403843504,0.6610486477865769,-1.0388491856838773,0.6478207883096426,-0.8839962464823641,0.5850737584764839,-0.8244028334480851,0.30187442811239373,-0.9533476960961385,0.5625828721226991,-1.0173370871472298,0.5288336713559642,-0.74889967084038,0.4367292376707243,-0.7119184781048867,0.15043400611402505,-0.9292174897665197,0.416724877365501,-0.9055622074527044,0.36487560337089164,-0.6223096705140835,0.23549598808071756,-0.5989493608584524,-0.004052717727813878,-0.8555658995560044,0.24079442830467038,-0.7980233581218183,0.21712561889563545,-0.6025077247427837,0.09823392945005216,-0.5878538634825101
faust,0.0,0.0,0.3311652603258908,-0.3537793611835509,0.5430916080456516,-0.7152558116408396,0.5928632132696722,-1.0771526622041836,0.5122085539003345,-1.3738959300174396,0.5026766878704544,-0.9275391141553346,0.6062944401203201,-1.162778488611723,0.6166350840324402,-1.269559880091459,0.5885872903987146,-1.4152171185169862,0.32252025871526135,-0.946562561439148,0.4862908445514244,-1.1870672545761725,0.44497964162466164,-0.9947669989765732,0.34543780111586647,-1.0240358793949234,0.15385590740828436,-0.9537413855719585,0.3186133632286416,-1.1482126523913414,0.28720322495850237,-0.8933236827946057,0.15483421527219227,-0.8654377560448919,-0.02223925123152775,-0.9341522390008321,0.16193127115626904,-1.0686399881625783,0.17294001731432587,-0.898633096394716,0.061970571723070106,-0.8319637614903516
faust,0.0,0.0,0.35311424762261623,-0.36715797795255173,0.5904539757927719,-0.7433057881880498,0.6479498680507486,-1.119713278373761,0.5405560704614135,-1.4124886880945369,0.5248306753896045,-0.9257414374623932,0.6556418793310186,-1.1658723800742614,0.6537938021677672,-1.2048283793258379,0.6007443002248052,-1.3030196991183929,0.3412823155588363,-0.9399608401879298,0.47427727072909515,-1.2294792765712057,0.45105432383570476,-1.0488878312978183,0.38209476156575045,-1.0707957728132909,0.1595288770777494,-0.9497630571325404,0.2844538537506444,-1.1881015714647105,0.25679128344647945,-0.918247847841321,0.14320959712065962,-0.8694142607972493,-0.04361964280798312,-0.9384656214655132,0.11351846919410329,-1.134675126244112,0.12682211389188688,-0.9381979280760684,0.036302304330900814,-0.8406351512934711
faust,0.0,0.0,0.3781190791210651,-0.39536566449315874,0.6315857011977055,-0.7392777373459823,0.7385223097331585,-1.1055955117806762,0.7339209140162758,-1.4332168674788188,0.5606780336725865,-0.8703120296560333,0.7017650967116954,-1.1111521483578368,0.6907730827292985,-1.2070243727842638,0.6578870217197366,-1.3340683376324014,0.3968693499229795,-0.9178751108357344,0.6159928292331129,-1.198510419484579,0.5862774311831528,-1.0960391149789672,0.519831706846081,-1.1765250471830675,0.24205338258940629,-0.9672642045789044,0.44394246518035196,-1.2025187386528957,0.3729957222679757,-0.9608660132165479,0.21794960448835532,-0.9421255112614477,0.06396891836862938,-0.980860422839345,0.2775218248109633,-1.1779352115885695,0.26189937743858427,-1.0090551071943952,0.13227161982489807,-0.930997540025681
faust,0.0,0.0,0.1445229418843875,-0.3212242718708205,0.310298101483768,-0.713481667428399,0.3910047399564563,-1.0832976758280115,0.35864067746927336,-1.4169914178876042,0.5946033406448278,-0.8982806073218937,0.6880711710044783,-1.172990256322912,0.6194219891911469,-1.3275869171490313,0.5396071739258087,-1.4306940409710747,0.41001921067137137,-0.9120768864961031,0.46228629148813827,-1.2259223255538583,0.37860972485132494,-1.1633871667796267,0.3783740545778961,-1.1928684060080612,0.21421479656801715,-0.904096939326141,0.17682347511351734,-1.166985276040172,0.10331529635691192,-1.0043712788776311,0.12189256164869929,-0.9405441142901996,0.008418962789045211,-0.8696630470636934,-0.03159653940210225,-1.0400392075828027,-0.05156601778319082,-0.9238073872859955,-0.008729799294525994,-0.8456521769125103
faust,0.0,0.0,0.11701828410195182,-0.41240805472410785,0.21208187931851233,-0.8068747062407722,0.22119456874031113,-1.1560341099176854,0.17507195585525245,-1.4046496101265988,0.5266150687705203,-0.9226214894318441,0.5710994972045151,-1.2051271966993022,0.5516264004095655,-1.4223768335847118,0.49911114098513276,-1.6031229332486752,0.3544660208927703,-0.9350688958747618,0.39433708763266906,-1.2528333287254652,0.3185115106297544,-1.3782871312849712,0.26923446088134145,-1.5256783290573386,0.17142801598907756,-0.916497288611022,0.10202090955994968,-1.1679239479474919,0.05215736138049221,-1.0454033696678955,0.06250383619899427,-0.9879711608458408,-0.03557353919863791,-0.8791141146709921,-0.09053666860671894,-1.0839680153679059,-0.10136776559679524,-0.9946860753610566,-0.06413128282131617,-0.9079739373766292
faust,0.0,0.0,0.2640559052695764,-0.4527924207247375,0.4440492244157309,-0.8081876414747812,0.5169103806364936,-1.1429494229451311,0.5165294516704527,-1.4296501491322042,0.42327270850857174,-0.9446409715452323,0.4923130705028373,-1.195537433678146,0.4987326183802106,-1.3212287215297418,0.45672762146955903,-1.46456771701631,0.2677651234662313,-0.963484218166086,0.37551542855367886,-1.2561093393583274,0.3766569371666805,-1.16462064713087,0.32902730311172174,-1.1883111509303377,0.10581945541226388,-0.9580020641597238,0.1786408934881973,-1.2080812455699548,0.17883473629618024,-1.0053442210215906,0.1187416396998718,-0.9550121096087992,-0.08324010095417544,-0.9230201026626506,0.029820017913507198,-1.118785086243154,0.04858414781598256,-0.9699895024526425,-0.007150909578712582,-0.8824315826251234
faust,0.0,0.0,0.1691848575825748,-0.43733060042939864,0.27315347039200866,-0.8226761486461206,0.2938777955232484,-1.184695107921332,0.2651243815762174,-1.4659143515581479,0.3917345121032103,-0.957081930097529,0.45897413387092806,-1.2527175483687152,0.44375424438601146,-1.4517818966914233,0.40928262758621775,-1.6423809867276782,0.23789614490670566,-0.971290597215132,0.3389072562520796,-1.3267191312287498,0.3067914603448844,-1.345340324526726,0.2761792132843781,-1.4501678284277113,0.06882837917379864,-0.9515105581868257,0.08627413251434177,-1.2710919724580363,0.05640303211375465,-1.1061750941506516,0.03581295241525498,-1.056361788103528,-0.14455613455648275,-0.8956247438931002,-0.07392262044230483,-1.1692882537035263,-0.08447449790766502,-1.0535383456202183,-0.10493499347317253,-0.9657527866626138
faust,0.0,0.0,0.312626450962015,-0.36496546214659276,0.5650176651519953,-0.6650448298731277,0.6996959691210994,-0.9615241399915759,0.7021617853067683,-1.242896158156552,0.474299785842139,-0.9310460054999029,0.6554446478990716,-1.0933800243131826,0.6030944941853348,-1.0038479312552893,0.501917947811324,-0.9867384926740005,0.3550328755622023,-0.9348538159894486,0.5779079552970708,-1.0837403331422226,0.5295158661015787,-0.8931793534860455,0.42479633568486874,-0.8917732258463978,0.22981542942392805,-0.9157217957220948,0.42925113585417607,-1.0496960789747871,0.3867491066526541,-0.8321327534647835,0.26359251806396833,-0.8117965320022381,0.09173669773938163,-0.8712181940307088,0.2816379716233598,-0.9736909312585799,0.2864037419194283,-0.8341822133127894,0.19153880038299495,-0.7908222093660159
faust,0.0,0.0,0.29199568671741555,-0.3788345612262711,0.48162149056825765,-0.6938547539587379,0.5426267031683467,-0.9738490123259962,0.49798947373793484,-1.2072923413773675,0.2600623598730911,-0.9738900582624214,0.4368538363368479,-1.0883837662384217,0.3986252073554687,-1.0098409877124848,0.3080563811514083,-1.023066013130337,0.14634132003633574,-0.9892341573409313,0.406995614186178,-1.066236416413415,0.3693196438312495,-0.8919032498351338,0.27667077260016343,-0.8958586454098413,0.046832713580543035,-0.9576519646909601,0.3032911002593932,-1.0098314775707453,0.26072584664483417,-0.803275851137594,0.1504240938731289,-0.7859308758743307,-0.03693977834374029,-0.8879530004410212,0.19430767544777458,-0.9067756705850349,0.18120731110865376,-0.7733106295999944,0.08673018717469066,-0.743126839480167
faust,0.0,0.0,0.30153632064771113,-0.36753542612757417,0.5009184448953419,-0.711246283869431,0.5555813083973863,-1.012544778648006,0.5007216463739426,-1.2593142777214497,0.3308373969594492,-0.9540094976974842,0.4636700933863901,-1.0998128511411578,0.43282217405906703,-1.0634021378581955,0.3550602085587906,-1.112920902066591,0.20149978253607687,-0.9794885592174692,0.42056043144625327,-1.0863782822642212,0.3837952817031654,-0.9108992549859942,0.2960684413246522,-0.9075125283234659,0.07707748497686003,-0.9631926543343113,0.30536410166932815,-1.0314011799764264,0.2563702303132228,-0.8154203615522793,0.1398941293758494,-0.7877359867531827,-0.04393344462098552,-0.9114027837492201,0.18498563207511937,-0.938870281931564,0.16764313572982373,-0.7892953163528615,0.05880226983832227,-0.7438785816957986
faust,0.0,0.0,0.21593794121788518,-0.46007687187938556,0.39408928486841044,-0.8418561004251846,0.4898541256150082,-1.1764284631908892,0.4980525568827713,-1.4711348134109605,0.3616769486201637,-0.9711728015151346,0.49754796661439643,-1.1959683017345781,0.48063776472233183,-1.2556201651307461,0.41425039794812557,-1.3555831174542177,0.24634182607412403,-0.9691830088927817,0.4228477162150215,-1.2002528551952725,0.400413090082505,-1.1249248130819536,0.32057748203672926,-1.193878832000647,0.1271310360244241,-0.9459234687334105,0.26621904017057096,-1.171449339261696,0.24314992659337295,-1.0422577144219216,0.14499212095761754,-1.047734331144908,-0.013639024959382018,-0.9042708455146522,0.12220601359958942,-1.0844969282914863,0.13116650830168505,-1.0218202015773643,0.059419342986758474,-1.012695081175537
faust,0.0,0.0,0.21552717708422808,-0.4276237822161922,0.36608308209487844,-0.8110242889118708,0.381417177436225,-1.1439822154445058,0.317634247263218,-1.4091546883388666,0.21151421480451604,-0.9902397201839058,0.25446008873520987,-1.2022139705844708,0.21686680219544335,-1.243572212276457,0.14215827678394216,-1.354670467584532,0.07075123680882729,-0.9974939912049703,0.2128005314602667,-1.1925727588879411,0.20702802626997976,-1.0755027739570409,0.1371726626171519,-1.1267912847128585,-0.05883898029393481,-0.9692058957006883,0.0677807004526122,-1.1315498376085913,0.07038226224335879,-0.9494810394182908,-0.004202452915774878,-0.9351639438685257,-0.19621668942749848,-0.9107785549306057,-0.060515740449436646,-1.042863898853306,-0.036049342672623635,-0.9268899439540641,-0.096277344820636,-0.8788033519033938
faust,0.0,0.0,0.28918539234478546,-0.3947812445300993,0.4628036501112765,-0.7507552667410612,0.5210755869542782,-1.0650346125175556,0.43685411237127425,-1.3299245342791026,0.24418386220622162,-1.0224612550689796,0.37476998419535634,-1.2024275395227098,0.3667001323916196,-1.1237195459021667,0.28608229274842667,-1.134383500789353,0.09561350166796216,-0.9954185342351178,0.29923250511052235,-1.1807242739767994,0.30057641323661904,-0.9432474664591054,0.2101249567143153,-0.9271592159091414,-0.0458164550974119,-0.9457082489535413,0.16044572621144898,-1.0918964015331882,0.16614205990628592,-0.834631617082317,0.054719709224649,-0.8059846585193864,-0.1810452436356915,-0.8754249274213206,0.027341560191876682,-0.9728373194519166,0.05750119290953517,-0.804940413000225,-0.03498332255713452,-0.7530902750949183
faust,0.0,0.0,0.2729709090638035,-0.38527662480266706,0.46969841817577773,-0.7268455780035064,0.5616822516835654,-1.0199399234760544,0.5604601776198833,-1.2509987052176683,0.35197145164217836,-0.9491022824203151,0.515190939247857,-1.0777724271179634,0.48185104429844633,-1.0501945632002554,0.40642651371310556,-1.09761775694941,0.24885920171843767,-0.9685396727651696,0.4740825008928126,-1.0759091628899553,0.42251532808901254,-0.9479060004988824,0.3313428879644526,-0.9739576424339188,0.1486883358753784,-0.946884531986029,0.3677856482329757,-1.046576021169116,0.32280548121369634,-0.8921009835172747,0.21744188046423668,-0.8970236277617623,0.052563306040047775,-0.8963867155211911,0.25785405557826796,-0.9477063917458217,0.239154129448841,-0.8504936894125401,0.1408609814014272,-0.8379009770752583
faust,0.0,0.0,0.2630771252349061,-0.4326131032538476,0.42391673779090533,-0.8000157363110356,0.47043520274051115,-1.1235442342084774,0.46834622593510356,-1.3955019538661968,0.3513228304789262,-0.9654809849857245,0.43833306943389716,-1.1747626738652428,0.4474036266152723,-1.2338912792493286,0.3941745200107011,-1.335888418593249,0.20789451118542837,-0.9781512522197023,0.34774386919201294,-1.1942402764643987,0.3577545016326226,-1.1204276803599278,0.30733526873341127,-1.1502776578587124,0.054057540118096416,-0.9635220337786371,0.17316571800554198,-1.1427061878431455,0.16178477460940283,-0.9624485863459712,0.08162314544598132,-0.9219096479420389,-0.1141694362013527,-0.9237831945522887,0.033950156704015716,-1.07113419070712,0.04046589382450526,-0.9479695175748948,-0.04017898078497239,-0.8838494954124659
faust,0.0,0.0,0.14280362802680718,-0.4402058526666625,0.27454904406402614,-0.8346330040324486,0.3309406017178939,-1.1778650781684288,0.30715998333157546,-1.4777161327890453,0.21136530286125885,-0.9966999327301334,0.2688015264648618,-1.2298782946627576,0.24906843217108077,-1.3018661798145548,0.19614066925182844,-1.4201737639280319,0.08196964326069561,-0.996634826595837,0.19764144911676224,-1.232573289824368,0.17803559929058033,-1.1631030505388704,0.12734370344485565,-1.2336562125837858,-0.034463125318877505,-0.9715392405099162,0.04996849435354303,-1.1845959117061644,0.03394051411266678,-1.043050538556848,-0.0192161404582143,-1.0440401147006402,-0.1653856257868493,-0.9241130386824865,-0.07087553942784144,-1.1041697104496853,-0.06869810093637464,-1.02104183647936,-0.11619729211948987,-0.9908119546745704
faust,0.0,0.0,0.20193430285696612,-0.4465875495713651,0.38553819966003877,-0.8078520607104798,0.48762913740650926,-1.1457563524975412,0.4681630955054696,-1.4466986286593135,0.3441496652869358,-0.9860768949349252,0.47617337721676084,-1.2306059374752678,0.444113444641109,-1.224125204501496,0.36981891171566156,-1.257771198953732,0.20003041454039625,-0.9797896882794783,0.3518506119212417,-1.263311021743739,0.3147008508208003,-1.1555138880610167,0.25220403534762476,-1.177824008855357,0.06782843196136557,-0.9487783190998671,0.17764814114745392,-1.2002488829847082,0.15251562561843543,-1.0209757732070357,0.08417636861058404,-0.9777695594400276,-0.08172318025811422,-0.8918077498306586,0.03363644766558578,-1.1001990386292768,0.03927941413045623,-0.9845212484489753,-0.014218187671599079,-0.906454631399271
faust,0.0,0.0,0.2924094569470931,-0.36750692898063814,0.47290828177698974,-0.6987730475296773,0.5385564156042341,-0.9877207345078137,0.4796666527777517,-1.2265128404065817,0.29028514093576463,-0.991008053960558,0.43070153134576566,-1.1423152333901068,0.4248414445175716,-1.0785332581658886,0.3649926139682053,-1.0878070234324626,0.15444392145082841,-0.9880015562370791,0.3839588084722089,-1.1047601081933294,0.3617956064382317,-0.8825525436115024,0.26833589009167813,-0.8485477303309106,0.025051197736420987,-0.9456778147395507,0.25391343865433735,-1.0285142242240553,0.23402029500801452,-0.7916448729755181,0.1271237877502674,-0.752813940774132,-0.0954268930658719,-0.8641199319781706,0.1207049066924636,-0.9120634753315501,0.1313727651340057,-0.7596355128527794,0.04148649989608742,-0.7076376030849973
faust,0.0,0.0,0.12417274269949792,-0.4270941121994523,0.21071936939178335,-0.8246981605982293,0.22822140296266488,-1.1289752852775072,0.21700268453197255,-1.4270952535854302,0.30617696925878146,-0.9351412736057809,0.4561642488848741,-1.2170493172298473,0.5519118142718005,-1.4488270759914355,0.6067027482108173,-1.643356256229524,0.20847655739813514,-0.9780273641444917,0.41522701185206795,-1.2580626107924708,0.4686995058467029,-1.3568123650879393,0.4957974967139636,-1.4686674200362169,0.10457268975360776,-1.010504928436388,0.2599185321879742,-1.2785941660872975,0.22729608020677586,-1.2817794135560436,0.16592511559062034,-1.3094855239145244,-0.022083964139059015,-1.0372453585428456,0.11362284637788596,-1.2541046765161126,0.07088449564834527,-1.2558452302009802,-1.5296869559492857E-4,-1.2627726966133903
faust,0.0,0.0,0.04024092677335672,-0.48220628452772707,0.057448914802640944,-0.9076866721694472,0.052791115809940795,-1.211780149454513,0.042259882084572445,-1.5012957451677238,0.1664010886902877,-1.0109571252117926,0.2654306042853295,-1.3927603823212884,0.3070379722959349,-1.7048600860838854,0.32618087667210965,-1.9751472990873153,0.1337062952664559,-0.9910210021014284,0.22522583850864153,-1.4000183892937248,0.2498379421184108,-1.6955355993618737,0.26107694149645516,-1.950273280772624,0.0791645023775682,-0.9160082467799389,0.09648420566471735,-1.3011784159060824,0.06101511633444914,-1.5184169165024919,0.025887132271640183,-1.7014883761696349,0.0010783653643455602,-0.7981114786520437,-7.93824784412866E-4,-1.0343390478762298,-0.05135790803973667,-1.203900890498805,-0.10075049621303728,-1.357990371923826
faust,0.0,0.0,0.3159663016216417,-0.3603631662998889,0.5192686309382597,-0.6962351544809235,0.5973046372330583,-0.988357205789073,0.539412583318824,-1.2350658552894165,0.2808696187482355,-0.9798023160751256,0.4264302437062247,-1.1470587641516072,0.43920978604618033,-1.0670350432941282,0.38152295502818484,-1.0507487037487413,0.14574750011184898,-0.9893218213559967,0.38017830335291164,-1.1148651018501616,0.36988844772187934,-0.8869502529795581,0.27381185384646056,-0.8347799765035046,0.01933563239686878,-0.9635474480045136,0.2664559381310274,-1.0331165657941825,0.23814044493168365,-0.7846157198608844,0.11601957052233199,-0.7361218722640158,-0.09482724852861411,-0.9012050047727336,0.14403198619941582,-0.918543196604596,0.13856962545209323,-0.7463535417675963,0.02911285550356292,-0.6908252037199335
faust,0.0,0.0,0.3315419153297056,-0.3120788312595313,0.49891408932996806,-0.5800246821165637,0.5915811757000022,-0.8090494033742358,0.6131031035902881,-1.0268623312335559,0.2668855978747375,-0.9770837056418604,0.5169376702374113,-1.0362845628357378,0.5199697522367146,-0.8858095759130444,0.44867231785153583,-0.8023723768423769,0.16906048511561625,-0.9856056779323427,0.4951014333616523,-0.9706727220718786,0.47263945768122595,-0.762071486780578,0.38929303232519263,-0.6819785193199778,0.09075084125758154,-0.942535189863689,0.42889692421691544,-0.8884100628894198,0.38400320410199373,-0.6695454795582219,0.27600679664706657,-0.58649704791208,0.034754176225027474,-0.8507838783125254,0.31322577913756483,-0.8018021419654242,0.3126972921716597,-0.6601600373029402,0.23809777397166676,-0.5907735695587023
faust,0.0,0.0,0.30128480522906054,-0.32758161533608765,0.5029716064939118,-0.656097797088616,0.5609861616498966,-0.9520088454231427,0.5252659365725789,-1.2038667974106079,0.3673965143895652,-0.9709761069512578,0.5389770620026029,-1.1506155385670316,0.5390725424138328,-1.0389563867864255,0.4751660502148684,-0.9863272208757993,0.2119566535401302,-0.9772790681376887,0.4183877242238478,-1.117498884413324,0.4042322343437339,-0.8744231843267173,0.3178318026556688,-0.8227007363792562,0.058993315856971214,-0.9388095001864639,0.2690842095135298,-0.9927112625744838,0.2492415811536541,-0.7316832560014183,0.1421372947152898,-0.6897875066814626,-0.0834881061737931,-0.8625247164501062,0.12972086290493243,-0.8689411038678124,0.1258680899343976,-0.6880538972221295,0.02596453135707663,-0.644850394914667
faust,0.0,0.0,0.20290242489171856,-0.45508007995712757,0.35658957324927126,-0.7967731529304545,0.4259687744916848,-1.1204181529891253,0.3886349383907062,-1.4056231674704043,0.271701495023177,-1.009113207502888,0.3872259795900274,-1.222467550218389,0.3797845840549638,-1.2329795182253993,0.3121524376609183,-1.2812528661218494,0.12974112408670466,-0.9915479013747739,0.2707620282498862,-1.2436748227242889,0.2560402720762598,-1.0655444982976083,0.18449588520805335,-1.0413613626923444,-0.006187389377600488,-0.9505374397066547,0.11282715005046258,-1.168700913896612,0.1031326175762294,-0.9544521420452406,0.017327181084817168,-0.912150794525136,-0.16138081258839357,-0.8834380214654217,-0.029762782372869154,-1.062903497031885,-0.009656590798978508,-0.9234326985630776,-0.07422212301289788,-0.8478926574613715
faust,0.0,0.0,0.210868463091227,-0.40965674955815,0.3508266978006475,-0.759255389463112,0.3953923774638475,-1.0720446797939045,0.3152627869879726,-1.3536859864451196,0.19769082250832698,-1.0305039831120377,0.3021988343633971,-1.2255933743935412,0.2998893636912014,-1.1533729326574436,0.21560090243912536,-1.1561847863334467,0.05611065858895881,-0.9984245559844335,0.18976106367084164,-1.210135088782014,0.20718248483340318,-1.0018732331863895,0.13265865097927268,-0.9872940109819403,-0.07356351727383063,-0.9410059160102904,0.04896626794477772,-1.11694377765067,0.07549117876268097,-0.8801138572192007,-0.009170733660766709,-0.8533756271411497,-0.20454182793674838,-0.8660100444344617,-0.06932429560979114,-0.9988466830778113,-0.031062456522959633,-0.8443491641643387,-0.1018864454175826,-0.789738483792438
faust,0.0,0.0,0.1891979965135461,-0.42417347337839023,0.30791599147177606,-0.7797360749969936,0.32564100023593173,-1.0877236148750988,0.25323102381177953,-1.3716300054230195,0.23727515064185495,-1.0305659844341097,0.35400068640874044,-1.235678149689363,0.3488970286591649,-1.2188352498485204,0.2757976033061005,-1.2529684681358213,0.08379282645370453,-0.9964831971663644,0.2140720603251914,-1.2260905668148439,0.21771630415321644,-1.0325307692418741,0.1585351652124761,-1.0142208860052266,-0.05420495692319583,-0.9412510095523011,0.051594018650726485,-1.1239956194515937,0.06594892390922037,-0.8939512934644614,-0.0064759021841699176,-0.8578691525160825,-0.2001762412695718,-0.8678708868800671,-0.08436926361412932,-1.0172851731083645,-0.05657116493250725,-0.865442773106789,-0.11256492844035348,-0.7985599592847693
faust,0.0,0.0,0.2959356784236623,-0.3646599534712823,0.48459391690748366,-0.7354372011152273,0.5336583554993389,-1.0552448176054008,0.40800633770361044,-1.2843656914344315,0.18719546991965577,-1.017526066624459,0.28527301241049746,-1.2149964455043911,0.3439694604800963,-1.2235979785684428,0.3382352852257911,-1.2743518689208684,0.0358924967669195,-0.9993556567488057,0.25761586123183255,-1.1794107861034433,0.288747380448201,-0.9264113547343471,0.20410529787235465,-0.8591049078794164,-0.10528484330875089,-0.9493057721755995,0.1673017453983117,-1.0641181993894953,0.17889546063055942,-0.7797677704768006,0.055326190391467744,-0.716208846262154,-0.22970446823217033,-0.8606320699618296,0.03957148308918063,-0.9365899886302784,0.0746109233458319,-0.7441542822686661,-0.02702132147400969,-0.6693517094027908
faust,0.0,0.0,0.3068532706744022,-0.37764572640422156,0.4229105505555257,-0.6908684799849228,0.48225481926037217,-0.9432521401536931,0.4532344642957597,-1.1772866958903456,0.0659602791573703,-1.007215230631384,0.32478848493971413,-1.0997889670140655,0.3404920924121924,-0.9404511533400989,0.26236739468035347,-0.8654789315361595,-0.020679677243107816,-0.9997861526092072,0.32568292632182483,-1.0471178637080594,0.318694639552298,-0.83803173787172,0.22369799100091248,-0.7848880905651106,-0.07859842506466441,-0.9414183302094477,0.27388689719389825,-0.9594490788294726,0.24993988190855373,-0.7363698916917879,0.1378458183049464,-0.6847144424318204,-0.09856676186479355,-0.8417804949062243,0.18747335169187293,-0.8464464133014994,0.17879747539631743,-0.7000888468801721,0.07981567947690364,-0.6461755997408601
faust,0.0,0.0,0.3550774358670988,-0.2797474136155813,0.5774038093151055,-0.5354798575954771,0.6958324896992152,-0.7730913550228626,0.6750262119870729,-1.0063020703399719,0.38337166915584303,-0.9416199034506291,0.6280891830144087,-1.0348618470715094,0.6267755743704582,-0.8840167115666033,0.5553067654057046,-0.8196154563838208,0.2616939866481456,-0.9651508987470301,0.5726023606123034,-0.9762884390601623,0.5226267823521172,-0.7425030514536685,0.4257529736868098,-0.684907417732151,0.15049317707076734,-0.9389536356564349,0.4720233727262378,-0.8793665940731351,0.4030455661650682,-0.6354447027879478,0.2787290771869568,-0.5888801232677784,0.060962795118985606,-0.8585732492168404,0.345659293545032,-0.7835035636739438,0.3225061223944648,-0.615680191808206,0.22537046538803487,-0.577043033024707
faust,0.0,0.0,0.2880686437310067,-0.3945113850019846,0.5169838490087917,-0.7134736049458695,0.6091194010814126,-1.0028705488498038,0.569890019961921,-1.2605761438739804,0.3114415973772406,-0.9638970142305012,0.4498704942940309,-1.1224631590558398,0.4231087544597721,-1.1186151315167967,0.3547075291965481,-1.1847224653778727,0.1671074818316514,-0.9859386844605927,0.39169315521030895,-1.112625268927528,0.3516281097825074,-0.9696124184440014,0.2558984175262347,-1.0011176485679651,0.02840279075854863,-0.9695825860118527,0.23836371537752846,-1.0596874845015247,0.1937406305255437,-0.8553621289455335,0.08104082603048428,-0.8430622171706058,-0.10641558039991711,-0.9160140905390031,0.09002243630409078,-0.9915741644715451,0.08341700151414093,-0.8567525429137558,-0.00923149028736584,-0.8176177350567775
faust,0.0,0.0,-0.02070655556472215,-0.4794219580969248,0.0537818058932824,-0.8591191723529021,0.12226153626827858,-1.1810916519857797,0.10626042965332519,-1.5081928157803521,0.09475656794907757,-1.0072633616147475,0.16809900676965217,-1.2721311045409391,0.1120479557685724,-1.391936850155792,0.03440781267898107,-1.4951772618598729,-0.018234097288088065,-0.9998337450276864,0.08082394162451662,-1.2914094707983572,0.017358623316505683,-1.283799994548424,-0.051880849341240494,-1.3708619118679517,-0.12169719126325619,-0.974973467091608,-0.06946057762550734,-1.2618085724025192,-0.12133926111740434,-1.1877046962866649,-0.18985072589365076,-1.1929165773133585,-0.25615632019723744,-0.9329964817939551,-0.20910390238153065,-1.1642226047882647,-0.23079431855237226,-1.1402544684469773,-0.282810203891811,-1.125572316998526
faust,0.0,0.0,-0.06074544384747907,-0.43537811631531187,-0.03634947526318579,-0.8402041708992719,-0.02700128237034316,-1.16245359554489,-0.05941867654048466,-1.4758660573716476,0.118824156846163,-0.9824187035495615,0.165360232401541,-1.321500322569897,0.1673215103971556,-1.5756307087303774,0.14376831488387715,-1.7792772491098885,0.04995092377590047,-0.998751673447376,0.10260142015789604,-1.34967547451914,0.07630916255391408,-1.5743530800345698,0.04513261133480997,-1.7757822188799461,-0.032971933691439116,-0.9833557354406216,-0.056937784396894474,-1.3015148730052353,-0.10388691202369169,-1.4364213208977978,-0.1394527492229647,-1.5718362703195516,-0.15504940890651026,-0.9413422972908237,-0.19202039706313104,-1.193537624290634,-0.24759748097781484,-1.307211280769905,-0.27696872774352654,-1.4124807712440388
faust,0.0,0.0,0.2942210234066416,-0.36899790105194086,0.5467897232625908,-0.6519682770777023,0.7101589496680938,-0.9397897009586484,0.7609847970854989,-1.221242351485858,0.5393352219529971,-0.909813770870085,0.7355495405696989,-1.0837380941219075,0.6971072778013314,-1.0357262235123024,0.6237575441339053,-1.0291147210003448,0.4130386277832934,-0.9107135070695361,0.6292776277044134,-1.1107062952113662,0.5925562844883624,-0.9405194405202906,0.5210778503561789,-0.9487145028868574,0.280831513940622,-0.9023731952297818,0.46125783134527576,-1.089153411821283,0.4155783594444785,-0.8813399160696944,0.3061864068416931,-0.8577549196878562,0.12788041270547632,-0.8804248314545546,0.3029591006484822,-1.0340244894795967,0.30503924210955463,-0.8878378144374403,0.2209299241362279,-0.8219084361660534
faust,0.0,0.0,0.3244462351035642,-0.31629557309412115,0.5717753662932097,-0.6408059904672819,0.6826576925373647,-0.9377242718568161,0.6495009051567884,-1.198638690630168,0.4254321740205385,-0.9336197670931871,0.5913864532601527,-1.0678581995275982,0.543555265149099,-0.9639356381428159,0.45901732942774015,-0.9692752869241916,0.27905381116073996,-0.9602754659349921,0.5178630702143241,-1.0738301895332942,0.46326292173097466,-0.8691401277513575,0.3622413259975579,-0.8794655719300266,0.13708992425296268,-0.9501718638813489,0.36542077948916124,-1.0266567076091664,0.31566866143048644,-0.7815783724383449,0.19380160457546222,-0.7718532999065266,-0.009371259666845546,-0.9077014350077692,0.21505112225793863,-0.9394251830393431,0.20103750716671645,-0.7726094675297654,0.0897369426733346,-0.7415718295809429
faust,0.0,0.0,0.22988576008284656,-0.4372037264910592,0.36200635664629,-0.8183358117386392,0.3746701297222942,-1.155011691100813,0.3255712853717638,-1.4236138821163093,0.24278640527231257,-1.0047226553629123,0.32143527477189765,-1.217644076181399,0.2872324437932199,-1.1711204145833296,0.19994900869131865,-1.2430465264984434,0.1112204338623924,-0.9937957612565378,0.2606507394905854,-1.1982659496262635,0.24639810961639552,-1.0508817116061342,0.16042434097941183,-1.1029041312395016,-0.016040803655706218,-0.9606071477860988,0.12029393649785196,-1.1404519335404524,0.11389655747681614,-0.9453055848077683,0.016390157963804934,-0.944983664064241,-0.156508440081266,-0.9109326107700203,-0.009867198251525456,-1.0461616271348493,0.00527512181526091,-0.9186966301363191,-0.08062884923840573,-0.8820654936031445
faust,0.0,0.0,-0.15217041889554983,-0.46809195970205514,-0.20997056159119873,-0.8668571007438309,-0.23906239619723432,-1.170353918022472,-0.29037077206913575,-1.460432035763708,-0.059600170467060294,-1.0180104627493958,-0.08397020937726084,-1.395390816930916,-0.14509053438389996,-1.6574099577616788,-0.22585535722876768,-1.8594665863927338,-0.10735830429876021,-0.9942203953339999,-0.11010741038327114,-1.3851261922728277,-0.18731880761822095,-1.6133923544865376,-0.2587781498164681,-1.8126171042204555,-0.1579630176289348,-0.9357821341790205,-0.24425788833998832,-1.3040293886506225,-0.35753163970942503,-1.4362469248002687,-0.436197366498347,-1.5448762693082998,-0.23662087912796925,-0.8686002924323644,-0.29291612969179737,-1.1595259419761872,-0.39874585235467064,-1.3142103509692518,-0.47253978113347334,-1.4416408750610785
peace,0.0,0.0,0.1302948958533523,-0.1991317183622567,0.14256124198804251,-0.48642017586835845,-0.07508086771610385,-0.7221752032681189,-0.27237486548476414,-0.8969529338297049,0.16358648717122581,-0.9846652918834897,0.20451933083262064,-1.3709541408234485,0.21679618899488204,-1.631675779140114,0.20939770498621174,-1.849477800584435,-0.041220536038601846,-0.9991500725159811,-0.04594837002376816,-1.4308934741090418,-0.08403453678487774,-1.6762197769898999,-0.1036322287898828,-1.8970535886690816,-0.20946028130128158,-0.9235700818303898,-0.3001099577006351,-1.1894336387654612,-0.3135459156577244,-1.0081355751776828,-0.28898367070705894,-0.8479103584073721,-0.35093293341528015,-0.781231278312556,-0.4331975819354169,-0.982740698307324,-0.4021463417011296,-0.895060173846467,-0.3459169112025497,-0.7759829997925457
peace,0.0,0.0,0.1170731467334631,-0.2619079061785221,0.08449195248035891,-0.5802092736236174,-0.13074769065304007,-0.8456979763843978,-0.31219004848516047,-1.0640819869746132,0.21152117015728175,-1.0167799082086038,0.23065950010743472,-1.4664374657090478,0.2535607830994132,-1.7682943208795845,0.2520518901674493,-2.0018681289203064,0.003855745922668211,-0.9999925665840621,0.015543210988460343,-1.4745344514571894,-0.006866874906013842,-1.743624980491158,-0.030267625665310858,-1.9559269535705905,-0.17093548045139761,-0.9076505381080647,-0.27251251866961074,-1.1800800979249655,-0.2558967430128012,-0.9967190959886818,-0.22896542486109342,-0.8298264601490429,-0.31567825391022997,-0.7665776222247342,-0.40476204192672455,-0.9889764378388015,-0.35760964211198726,-0.909723349514802,-0.29839436951135295,-0.7854945604646157
peace,0.0,0.0,0.09828815297051209,-0.24285102862423016,0.07364890372829395,-0.5428607169600272,-0.1644904822209109,-0.786724054414174,-0.3466282483432219,-0.9657622311598993,0.17214869554563567,-1.00785248797088,0.15710434710806068,-1.4231334876473012,0.13312578704527198,-1.7032189299658849,0.09567086568421804,-1.9326351209296135,-0.015151784967746842,-0.999885205117213,-0.06819470584426328,-1.4456315359394196,-0.12813579986968848,-1.7032253225910339,-0.17711513360406952,-1.9192352468859102,-0.1735739730136353,-0.9113720582164111,-0.2845153799430714,-1.146707684256399,-0.25705387513310246,-0.9478537845172347,-0.21923621651260658,-0.7945039550223673,-0.2995159654290336,-0.770505080055943,-0.39550984818797347,-0.9529785979686877,-0.3545892649082053,-0.8538328730710747,-0.2969570961243382,-0.7397297192240784
peace,0.0,0.0,0.17144520980061412,-0.2827869858451035,0.20181172855645604,-0.621252107645171,0.00838179931403015,-0.8820887775691042,-0.15555435891107328,-1.0900904822656905,0.30696319022395496,-0.9935472936499276,0.3762219226739249,-1.3532704088378078,0.4392955592584623,-1.6073092909837612,0.47338326331155034,-1.8004065823939739,0.10039372535227478,-0.9949477875295226,0.16694917217611205,-1.396445764212693,0.1801011742496437,-1.5971855959992762,0.1898261604552342,-1.7312407744814107,-0.07417070477346302,-0.9173085120738605,-0.11726333707624426,-1.2148981925095648,-0.09976025603259868,-1.070547204800635,-0.07190732034384684,-0.9268343250883219,-0.22412067218858261,-0.7788694214863932,-0.25727203997342624,-1.0003901152498704,-0.2093090868005128,-0.9110025206906683,-0.15201794757862058,-0.7829057468982791
peace,0.0,0.0,0.10311493656502908,-0.35231735513735835,0.08078290125253526,-0.7189276755897366,-0.10291435966122695,-0.9924398338404844,-0.26070682173729753,-1.2478751243738426,0.2603107980310443,-1.0130064101566736,0.2797544856926983,-1.3861878371934684,0.30326865730082037,-1.6640767766184061,0.3052639649556946,-1.8722562454340699,0.07972851453956935,-0.9968166150146743,0.1277142754942231,-1.4018439006145178,0.13364135317864306,-1.6604605832646144,0.13967576063054388,-1.8330432847078624,-0.08473408519503675,-0.9271189574696633,-0.19574565600238242,-1.2201459709645326,-0.24085926433202992,-1.1939538361560733,-0.2562894021131898,-1.1376053058677191,-0.22884607582130878,-0.8134089533516877,-0.30517393670649556,-1.0419405841372464,-0.3122787247167507,-1.0474817977278925,-0.30564721370368164,-1.0023063264113652
peace,0.0,0.0,0.06446054605586514,-0.30441145767789346,0.011175077569925427,-0.6330917193880757,-0.23717795582306977,-0.8786231378288211,-0.423615501658933,-1.0705416137351047,0.0893532959398521,-1.0397629541188103,0.025164070858985015,-1.4606222843069772,-0.03555536649772992,-1.7438441692448836,-0.08977223687778893,-1.9714494744503412,-0.08717287312147956,-0.9961931992298213,-0.2269178551166168,-1.440962805828188,-0.34223142527606115,-1.6999853338165096,-0.4235686903215894,-1.9052285709228767,-0.22873251303377176,-0.8893553555099302,-0.38988054183908444,-1.1047171750020555,-0.3617232144575897,-0.9324902577125432,-0.303510852716237,-0.804227501360428,-0.3371041466467563,-0.7524125863995912,-0.45636270119825517,-0.9110256170374419,-0.4144996096499179,-0.8143279713002817,-0.33438683063911406,-0.7124506921486295
peace,0.0,0.0,0.15535469858152903,-0.3221721994113873,0.1640352037652077,-0.6741540873611628,-0.011587684490473,-0.9614190240453222,-0.16359781857903274,-1.1698269698149115,0.2447111144478908,-1.0028978678702485,0.2702188079702075,-1.3712904717924017,0.2994808977880843,-1.6171349917006377,0.3074945714438715,-1.8193664946890893,0.05407638955762382,-0.9985368015713852,0.07147625217809252,-1.3897534688337871,0.0706966301807093,-1.6072889684800624,0.07392721484949977,-1.8136700184697465,-0.10314490209239212,-0.9225457590011239,-0.1638677029801101,-1.2199241750411165,-0.13602153991720617,-1.0090612029716057,-0.1061099633272912,-0.8452892430438058,-0.23606331651810694,-0.7918219021988593,-0.2724078152717846,-1.0272046104972827,-0.20958491134534898,-0.9186064180517223,-0.15577384699583535,-0.7838371695071245
peace,0.0,0.0,0.24409104649486602,-0.19315142455216058,0.36380757484790927,-0.5361048554371942,0.23816815013451695,-0.8265949487518818,0.1117889843649568,-1.0605999894632332,0.43128594575063584,-0.9334247159549351,0.5511270540258336,-1.298052330497487,0.6353602780173494,-1.5340366060610442,0.7014464873973486,-1.745844017260978,0.23451692661848655,-0.972112036305188,0.2880262960658805,-1.3980939727627426,0.33660023700215064,-1.6472020600375212,0.38819696071217136,-1.841631793175979,0.042122057590514676,-0.9092481859699372,0.06935375730755353,-1.2225770559260878,0.08932036486182793,-1.0896242929911213,0.1102448238727908,-0.9474130158337918,-0.1300357393435972,-0.7865695406794686,-0.051997022693017446,-0.9335816828353799,0.001269301262074938,-0.8216873214350424,0.028463932720067798,-0.7027554364107228
peace,0.0,0.0,-0.01838917302361388,-0.5864066480587661,-0.008285497654972088,-1.0886800532432066,-0.09482159133424464,-1.443284656117119,-0.26198619318010363,-1.7579045096525352,0.25936464948720517,-1.094592114926114,0.22505608364728,-1.5329836436473547,0.1945045166797044,-1.8406314357612845,0.15322356969184842,-2.1091675781856583,0.20548093866600395,-0.9786611179795272,0.04863060534014733,-1.3769017195428088,-0.1053284417492412,-1.6196454963947475,-0.257872059869389,-1.8178058718148982,0.1293920131321116,-0.822089799264127,-0.001784073559603215,-1.1816182426691295,-0.12056681723903732,-1.3964053523760267,-0.2232598604827906,-1.545399314223001,0.03296944491540821,-0.6291348900848187,-0.02096233144793049,-0.9078818895073428,-0.07902944964279392,-1.0788920544506428,-0.13064267640701863,-1.2010951250565014
peace,0.0,0.0,0.1389039001039482,-0.4384058969162435,0.18217376160152438,-0.8908838426700039,0.08175954262089104,-1.2362113165112116,-0.07140298401416346,-1.5155930043274108,0.40091445634071576,-1.0197061617733916,0.4491756203513955,-1.4466865695373086,0.47791676664591537,-1.7434809448737842,0.4812709746154816,-1.9770108526961123,0.25919014006436897,-0.9658263152831429,0.3145902455477844,-1.3922553709963779,0.3234837157594344,-1.6572991367616954,0.29850086281364496,-1.8663881399736104,0.09758033329559591,-0.8725156179457135,0.03471901577779034,-1.2489781196869443,-0.027682542375277275,-1.4341831701642904,-0.09246511126621529,-1.5669308045731296,-0.08740646118991764,-0.7438131276177273,-0.14907647514544647,-1.070663822440193,-0.19784119938048222,-1.256323044928886,-0.24119556959809593,-1.3948373269079857
peace,0.0,0.0,0.014022453939336939,-0.5697078542486834,0.0933084888388272,-1.011981636555678,0.09461932081479049,-1.3273657513435095,0.028288752476322645,-1.642654500145811,0.4156121701428845,-1.0465854391607246,0.5301046712688792,-1.5096100467607099,0.6056456484052404,-1.8426932753045586,0.6598304089438108,-2.1465046772475316,0.3758124910309944,-0.9266957276177974,0.4685294328446264,-1.4110333720736088,0.5016111881447206,-1.7686521894792098,0.5138892628538534,-2.0735934715228423,0.3132610507645715,-0.7335152232986608,0.29350974128646823,-1.1226045328678238,0.21368588957705195,-1.3703829645532903,0.14464359227064116,-1.5428863939611226,0.21625557314830626,-0.4975576448353048,0.22007330051292964,-0.7467059911472412,0.18751906887807387,-0.9268582563724143,0.15376671520158383,-1.0604877721015575
peace,0.0,0.0,0.29820104863899566,-0.2714452360983861,0.42226537411995424,-0.6373582136028642,0.3460344974920374,-0.9499949642796778,0.20879366825926038,-1.1919227838127857,0.4972028229184463,-0.9526369051873725,0.6310293019562387,-1.2444676581006018,0.6976852587593902,-1.383231912443318,0.7195809437503459,-1.479035985512294,0.31090133152982846,-0.950442192904429,0.37200368519726795,-1.2928904442976146,0.3980119656597436,-1.197505238899718,0.40977215190984057,-1.0954213305581937,0.15130038038628946,-0.898423106849225,0.21230827547761041,-1.1791099455790235,0.26645585928913235,-1.0240043341869698,0.2670218625591019,-0.8947955234329036,0.01736111219721103,-0.794737611264107,0.11881486025567951,-0.9931347571330567,0.1688436760550637,-0.8880023619131571,0.16458967328939395,-0.7696938370348098
peace,0.0,0.0,0.10792950425248164,-0.2797309121514633,0.11785270721615823,-0.6331105618134408,-0.06627440343999869,-0.9124006612000539,-0.21918456661648356,-1.1280407681454125,0.3047880178981885,-0.9910984805590313,0.3443030600170472,-1.4359630811746509,0.3767576741057218,-1.7411555202058167,0.39210526172926446,-1.9937221671058412,0.10707185556638593,-0.9942512850107718,0.07549595768329237,-1.4671391476343691,0.028036855574121933,-1.7571912883854999,-0.015436271848423779,-1.9868628837259812,-0.07227242655899394,-0.9193447162654619,-0.1753326251292873,-1.1545576523494283,-0.19909277424788693,-0.9997280375047871,-0.19903739676809692,-0.8701436312594186,-0.24333757481272392,-0.8062020041555743,-0.3082045676295811,-1.0110819256845605,-0.2986262700563358,-0.9556341205080736,-0.2701506081477908,-0.8774800437948606
peace,0.0,0.0,0.0799270662981671,-0.24085534352716162,0.07560123632977091,-0.5723069665368823,-0.11634898659580784,-0.845501963385207,-0.2422064813663175,-1.0639576702201357,0.266268475276269,-0.984705177894684,0.2820302244812321,-1.4367906256578775,0.2829708472449567,-1.7354415369703933,0.2749099867550648,-1.9806344352928829,0.07505859231101124,-0.9971791251928057,0.027890350447141523,-1.4638996940813096,-0.04179363840780473,-1.7452490515509216,-0.09325517547766975,-1.9778372541207325,-0.09068871004607723,-0.9289600960980754,-0.2177233264495069,-1.1238218320271312,-0.21285077318021514,-0.913734822241325,-0.1687445797801055,-0.7517877194252203,-0.24275967182181873,-0.8122437751206649,-0.3343943773446776,-0.9753060143801613,-0.30334268273690723,-0.8614855857404881,-0.23547884967205804,-0.7405875031003588
peace,0.0,0.0,0.3385412894448967,-0.21208239381415808,0.5808514161855787,-0.5051730389732164,0.6555438603122259,-0.8215829177338062,0.5915519256418308,-1.1163395894856294,0.635746114919319,-0.7971028611493763,0.849728607337537,-1.0311133822713343,0.9799109681049719,-1.1986843375796725,1.0781342904796425,-1.3361585749653901,0.4999162388564836,-0.8660737579026322,0.690014066790444,-1.2176828413682452,0.8302001645153925,-1.3866963988127996,0.9359200622039907,-1.502008023170751,0.3472650553222277,-0.8678386826419369,0.5351440112339552,-1.0983782751097102,0.5459371914325395,-0.9096700292796404,0.49834083623683584,-0.7804507822985868,0.19843880441979678,-0.8106617055885785,0.39698256019721606,-0.9427079327901391,0.3907346012010277,-0.7979345462231832,0.31391456224948244,-0.6788323488272505
peace,0.0,0.0,0.2902414592754364,-0.2752592759046341,0.42712026567587424,-0.6295799568534465,0.38606083402612723,-0.9435607796363858,0.30271351954089093,-1.2302834735420978,0.5437580605063668,-0.9528093402473835,0.6998834527097751,-1.2345317001519018,0.7504189089289481,-1.3921593478131271,0.7786034795535238,-1.483501915636014,0.3590518583790052,-0.9333176109956262,0.4476494347123861,-1.2579371126675538,0.44887424064238446,-1.2007576766321983,0.4566694377882323,-1.146821333500924,0.2022107202102541,-0.8587940936958128,0.277082450565017,-1.1218134209944943,0.3006428320154875,-1.0405644068469224,0.3076459150881549,-0.9891366831530016,0.07619568724099918,-0.731499120303431,0.1494943074794205,-0.9390283597756368,0.17430975048256486,-0.9413996897685302,0.18633162166363015,-0.9400119409067731
peace,0.0,0.0,0.02199450278016891,-0.34585068678629005,0.016531955407108653,-0.6833619418026946,-0.16005760815634928,-0.9341721487129722,-0.34266421745229164,-1.1597813233632501,0.08966076793101599,-1.0360878693165534,0.04091032208454284,-1.4489430360446658,-0.005510352397207876,-1.725026456809337,-0.056271703111218416,-1.9599964028496606,-0.0412572328652049,-0.999148557891321,-0.158612978251262,-1.4427795312872613,-0.26931783717756635,-1.7183818079571191,-0.37745729287690916,-1.9502691065220592,-0.13861161563237104,-0.8733567726698774,-0.2689207261314633,-1.1046964623129159,-0.2901106274404879,-1.0007142472834458,-0.2932703499133765,-0.9297517309059858,-0.22531026849720462,-0.6873811566930348,-0.3042600163726985,-0.8836584060676678,-0.3037590117354938,-0.8803647496857893,-0.2826602293973393,-0.8581523797496408
peace,0.0,0.0,-0.10373114545718655,-0.40933142665757133,-0.17060218914546663,-0.774773009897983,-0.34107499287640614,-1.023902982106267,-0.5267184605693367,-1.2259363646150967,-0.03427348912082726,-1.0934055597836208,-0.10084960577876491,-1.5257820825886936,-0.1598072223702278,-1.822542097871223,-0.21728502440924302,-2.076628379956281,-0.064573581046646,-0.9979129484232641,-0.24593687165485015,-1.4572085101163397,-0.4053597227281879,-1.7712611998025791,-0.5581078203113746,-2.032850774526574,-0.0671210493776281,-0.7945160886708149,-0.2618219941067589,-1.038628118001145,-0.3786652905451574,-1.0504944238977494,-0.47335599122625466,-1.066546980438819,-0.05293357512063877,-0.5240041557723555,-0.15001516686432967,-0.7120923006124406,-0.19327850200021482,-0.7686499621900227,-0.22779313206682358,-0.8069366900499777
peace,0.0,0.0,0.03946231828248875,-0.45991811574227953,0.027852686381561156,-0.8624678354818067,-0.1308797487830186,-1.1559779240865877,-0.34625737404531115,-1.3888539291243376,0.1897818417929704,-1.05206174383717,0.1380701671889163,-1.3950621888672252,0.09945307391156996,-1.64120274113158,0.050295492300317136,-1.8331767163667643,0.03862570167981463,-0.9992537491396978,0.02636433363387492,-1.3600299947294063,-0.003064391083305289,-1.6140652027899571,-0.04625765105417315,-1.8242337435819025,-0.10943441647585005,-0.8929300689836974,-0.19728476522800767,-1.1753487314966014,-0.25258063828766747,-1.283059215280473,-0.2986759308673805,-1.3649005988166543,-0.26041378404529647,-0.7379542005194953,-0.3036974322420814,-0.9867822760149099,-0.3281796287641973,-1.1079428381181189,-0.3436304099246388,-1.1912772289451814
peace,0.0,0.0,0.09098217755856347,-0.6265595224682364,0.0859133045362506,-1.1196713433490226,0.007507253770512155,-1.4671950114749026,-0.16068677073297502,-1.7996425550001776,0.21218131729954237,-1.0970909513093834,0.1467663016193338,-1.4479416118821942,0.07288785814488098,-1.683018173710795,-0.01913235727646647,-1.8668756985998385,0.09876209161228999,-0.9951110738306382,0.04124677201537117,-1.3550744838126632,-0.055904454041063485,-1.5791274276515563,-0.16619783999434337,-1.7759295214042314,0.004886076658807416,-0.8852569251824722,-0.05437073994798264,-1.2410591425263173,-0.12363478073552853,-1.4379267163912193,-0.20102854732278982,-1.5987682832054002,-0.0850165283716432,-0.7455786950252522,-0.09690059339256357,-1.0514319704264503,-0.13277525645167726,-1.208384676115228,-0.17381095784587847,-1.3291798117830276
peace,0.0,0.0,0.19274643021832005,-0.39220448022608095,0.2511133893138772,-0.7650851692434215,0.1197441420762607,-1.0641161433776116,-0.04963659188767221,-1.3406452580776071,0.3094177849828607,-1.0089566368053997,0.3681931499220517,-1.362858043712133,0.4358088295991065,-1.6129514184061209,0.4737782654977258,-1.8194025851617814,0.10895769451997613,-0.9940463876524533,0.1145619416590618,-1.3689172090128052,0.1235672802548881,-1.5895668762015158,0.12288451840127927,-1.7625848913778794,-0.045733967388397856,-0.9198200101724308,-0.08962200600388724,-1.1692929556726464,-0.055900421643636115,-1.0812623683711056,-0.03699252337711949,-0.9949785827084021,-0.17681644849371903,-0.8025512259656081,-0.1979399125649011,-0.9967522045702705,-0.14557750397550714,-0.94901918185835,-0.1019598214132118,-0.8655849038685943
peace,0.0,0.0,0.15662611274779736,-0.4358368216511118,0.25223961455966737,-0.8101404516034802,0.161672301201642,-1.1176795229560956,0.008939987084005483,-1.4189509655845718,0.4454323586225447,-1.0020338147675918,0.47701533583118605,-1.4147986445068956,0.4920965191098014,-1.7128368643761334,0.48108623092500236,-1.950201139988747,0.2816754107993795,-0.9595097513579529,0.3275586496300152,-1.3986285149751474,0.3327810253243704,-1.6933316033243295,0.30662287749700134,-1.9301412023061955,0.11990006430798932,-0.8660230235066503,0.07071624443680194,-1.211949647571469,0.04476034824676213,-1.2934297807208193,0.014255810712691191,-1.3336219898383332,-0.0605362790328267,-0.7279059663182971,-0.09960953753342806,-1.004371730547349,-0.12556381732676594,-1.1127139522877598,-0.1436807956611977,-1.1693137497150152
peace,0.0,0.0,0.1847153471937869,-0.4021409652640225,0.257018548531366,-0.8128285381514625,0.15743686829498735,-1.1190016806123777,-0.0029951064697244464,-1.334800860786808,0.33447960845804586,-1.0316759285087391,0.2707108441525152,-1.2663173710255782,0.25512697240093113,-1.171710847883647,0.22786123458997107,-1.1246020067556646,0.1575632332631862,-0.987508899971869,0.06132466234349043,-1.2612675264348778,0.04621620431725947,-1.1207112683687475,0.05808481288795422,-1.037990040819271,0.003049303634414698,-0.91862920041193,-0.10330245821648207,-1.1515446058575023,-0.08322849399442826,-0.9889891006057558,-0.04554463488882571,-0.892426107359879,-0.13367027058537104,-0.8372157409381548,-0.21880992775571872,-1.0006665453174861,-0.17749561927782984,-0.9006033185186972,-0.11694331407254804,-0.8209715195220553
peace,0.0,0.0,0.12642677963259583,-0.4712262160470528,0.16341320971803214,-0.8905275615448754,0.08964634250153591,-1.2101097724902556,-0.06637314261212403,-1.5065000743719534,0.24072642213424558,-1.056577691813406,0.21428135221639721,-1.4195475507305646,0.19070522151172586,-1.6681561536524308,0.16120555530366146,-1.8864839042336559,0.09373322164291605,-0.9955973499163405,0.06331359406162373,-1.3537009809007916,0.02669552784754288,-1.5045127955402315,-6.751932744982565E-4,-1.638680590200537,-0.04011330830235428,-0.9051944706309567,-0.10606266387483536,-1.1871303364662154,-0.12047900966398196,-1.2233923667760311,-0.12069943793025074,-1.256159418415674,-0.16135559825354995,-0.7790395384777936,-0.2013644876209748,-1.0111925443876166,-0.19005615931277,-1.045129119708641,-0.16562096949964294,-1.0517899097909456
peace,0.0,0.0,0.027765490145258788,-0.5500923259424554,0.05959237112213798,-1.0319318161902165,0.0444182054747355,-1.3780505957068379,-0.07554763371296269,-1.697241162523703,0.35090487794013353,-1.0435298527033356,0.38599701564480277,-1.4115813227101004,0.38113917743517683,-1.677588377055717,0.33832336936643254,-1.8898677355816345,0.25110533280588637,-0.9679597676744859,0.19984824766247905,-1.3385233832919337,0.10451640996504691,-1.5635282259812238,-0.0017530822842476382,-1.7607140608536636,0.13296086967262272,-0.8796023529388488,0.05354544856829428,-1.249986619091012,-0.033979909958093024,-1.4611781591498354,-0.11254489610156175,-1.6150164813597248,-0.015248933750542894,-0.7696575280664676,-0.05581856598332303,-1.0871181948880477,-0.13012970652689232,-1.2825735032168522,-0.19910234185140085,-1.4289345190952558
peace,0.0,0.0,0.1570490584750671,-0.2430038362107407,0.24004898429513305,-0.5539652465342134,0.1445666468213364,-0.8776295912768209,0.05167286758988263,-1.1293007187293942,0.5221556033286966,-0.8536697545304467,0.6814951697459899,-1.2543667977454085,0.7493543508887411,-1.5267209075489256,0.7815956597504963,-1.7647981082112059,0.382483911050895,-0.9239621517070985,0.518089523415544,-1.3658747944918084,0.5160234624719606,-1.6272772068153878,0.5029215005315713,-1.851983121103033,0.23061053336542642,-0.9186588854807448,0.19886434788276686,-1.2525616025991815,0.1367817337801384,-1.100580978490694,0.1252034271793628,-0.9612826626485877,0.07015208191012286,-0.8667033773846822,0.05019525020606717,-1.106859177394308,0.021023744579906904,-1.0395770499636323,0.018115409185126698,-0.9381117882091697
peace,0.0,0.0,0.15656081511194495,-0.3455387263704777,0.1712832502579748,-0.7028586562223814,0.012208981781984242,-0.9168919587244568,-0.19807568066136003,-1.028308566619662,-0.06826148692995632,-1.0214405757702687,-0.13876576412515434,-1.3403865795837597,-0.17322292124439762,-1.5624511540839499,-0.19869926816807493,-1.7555083588267422,-0.263015428639089,-0.964791627398267,-0.39933450361434275,-1.329548116045863,-0.4191884265129566,-1.5819772257047096,-0.4181099651560013,-1.7811249654247523,-0.4157672722345572,-0.8329974117539353,-0.4608798029993303,-1.122296839375844,-0.31489521913600166,-1.082756488910015,-0.18053696527048382,-1.00394079804881,-0.4938765294839039,-0.64774971947899,-0.3968194907942003,-0.8048120946580738,-0.21890514081453932,-0.76151048228573,-0.062239354814077365,-0.6739831823376722
peace,0.0,0.0,0.26542933090878756,-0.22186324248179054,0.3827089789643582,-0.5874649270442652,0.2601461846891883,-0.8877907239670038,0.11742984546141066,-1.1375155852321241,0.39478580101039107,-0.9728008396244361,0.45895336488133665,-1.3316092761378988,0.5111403090953064,-1.5753021668067404,0.5428247370422133,-1.7823710301681697,0.19317525278139266,-0.9811642684651969,0.26600844647611516,-1.3782940520923608,0.3198793127451803,-1.595651919003433,0.3598061560533325,-1.7637527605579708,0.0010957756310875243,-0.9038260081501162,0.0507080701363408,-1.164192640803952,0.09880004368488524,-0.9393580563510586,0.12220688346031847,-0.7566276072211027,-0.16503643422880365,-0.7730055886498185,-0.07037290315007287,-0.9083091155294939,-0.0012376076117921815,-0.7448260837113436,0.0227543366148724,-0.6006406617558114
peace,0.0,0.0,0.08069748671628577,-0.460794638904205,0.08277491837114972,-0.8837367236620458,-0.04458325390819617,-1.1695731955605178,-0.25340490804675286,-1.3862021586820137,0.22790417796635667,-1.0866347158922713,0.2279665547591625,-1.4256392763882948,0.21824552780475776,-1.6572061353077898,0.19414654851774085,-1.8289549833066305,0.064723745032869,-0.9979032201716357,-0.02042118669229908,-1.303022705475436,-0.07994967633869011,-1.3697050716433212,-0.11346490997682594,-1.4166276076680377,-0.07842002264279854,-0.8924944660083318,-0.15460453824049555,-1.1117463529491394,-0.18190657599717874,-1.1275022838120745,-0.1937294164147103,-1.1249490005326137,-0.20198225214821947,-0.7680257411898711,-0.24020297159935294,-0.9660466606314491,-0.24107177670045307,-1.0010984561444842,-0.23264156331183156,-1.0000557274777757
peace,0.0,0.0,0.0540405810213121,-0.38481417259120226,0.019465180355622155,-0.7675667145053866,-0.22402212891455192,-1.0262129080741291,-0.45310562391669046,-1.2077821920948708,0.06472279342248964,-1.0451251451574262,-0.014726511505215388,-1.4509375175031938,-0.07263427131420973,-1.7015599376545127,-0.13028875010842725,-1.9061071456336547,-0.11953805533537232,-0.9928296194849534,-0.2344645492529891,-1.3895616443644572,-0.32254595339466946,-1.598388728212866,-0.40656697545103776,-1.7650700872590712,-0.2508707465702517,-0.8799645487220156,-0.37774139623264114,-1.0712762802316718,-0.3240228898814918,-0.9282198219760615,-0.2668355438724137,-0.8224927933473072,-0.35409910247600684,-0.7258235960110327,-0.43085321102565854,-0.9009239936797684,-0.39294074738731904,-0.8453193167892445,-0.3351735839630124,-0.7701057503233255
peace,0.0,0.0,0.20839524323524908,-0.30067588869044365,0.2907487164593365,-0.6747137440244602,0.16588233794047097,-0.9772399110424183,0.022291722696999344,-1.2403139970791799,0.3722108147227235,-0.9987423458397243,0.4028071410809899,-1.4055556592666474,0.43239332192897956,-1.6700149962136752,0.44296827032638,-1.8947138248738995,0.17540682239688554,-0.984496036892291,0.21564064398532737,-1.4066385467732159,0.22519472177265648,-1.6390926218563313,0.2241514078982003,-1.8245382742073006,0.002077888778709402,-0.8978309742443256,0.01375930997157821,-1.1533155129260282,0.06287003846310045,-0.9520193423431977,0.09224757639749474,-0.7922550779966251,-0.1452903449479445,-0.7648114344455508,-0.0955479279398207,-0.9393567731320892,-0.014750885170173764,-0.8127231365026371,0.03494048830744645,-0.6803935781239767
peace,0.0,0.0,0.3084589041203715,-0.1511382946095492,0.5218547380698837,-0.4459244143269893,0.5564058946108597,-0.7242630519776485,0.5101633498466727,-0.9727640396439181,0.570058653927784,-0.8529204239010882,0.7801866837969269,-1.1965963413249856,0.9364118939197837,-1.4032949166457196,1.0700846890811482,-1.6063664822426282,0.39115254209249284,-0.9203258601248694,0.5839321422470313,-1.3093256148603456,0.7598977378329839,-1.4792086132244406,0.9192454115929727,-1.5929505807303315,0.20459748168121542,-0.8990414589804989,0.4068658012094281,-1.132348843042281,0.45084832020352394,-0.8779757027797269,0.4607749637431372,-0.6724075027890339,0.02158359948824188,-0.8111818924860281,0.2557862226891668,-0.9209929401392793,0.3540178776228487,-0.7573423193914751,0.39377573774817964,-0.6096974508720588
peace,0.0,0.0,0.1983851923887507,-0.3909823754264124,0.22603626901592624,-0.7635093542239714,0.08172868864661341,-1.0574796151055876,-0.10583205739716081,-1.2609526797310953,0.20864458655181237,-1.0214979414066365,0.1839872469967463,-1.3525906204346394,0.17199111660638317,-1.5758218790226934,0.14765052792732972,-1.7677798142954377,0.011731942508016992,-0.9999311783942875,-0.057027415843109656,-1.3600265188632876,-0.0807651972048722,-1.5730917659575316,-0.09623303487467778,-1.7604311173584397,-0.1474796981979136,-0.9241938374707173,-0.2100812430018387,-1.2614654140825603,-0.08920842225841256,-1.1186350401593206,-7.678511947922249E-4,-0.9626550429110124,-0.2777817904525603,-0.8126311389151819,-0.27594973476659496,-1.0490466378745065,-0.15083902265880791,-0.9991561194009235,-0.05362474652549783,-0.8884459023825948
peace,0.0,0.0,0.2711079476966028,-0.3569788949318088,0.3629982446130364,-0.7157469522723858,0.311833489927314,-1.0257222812090603,0.19332254232826468,-1.265867609482686,0.3684865028905565,-0.9711783845151324,0.424130423360402,-1.2731202735154517,0.4742913569314244,-1.4779795340499997,0.5060124430302919,-1.665219911395311,0.2085524967010878,-0.9780111738215176,0.25602032054859464,-1.314119315581943,0.29983206674278645,-1.5035049616765825,0.3410934069653274,-1.6915133071225559,0.054554345319559196,-0.9228947206825256,0.09592356054186073,-1.2602237043359652,0.17980842172126613,-1.0809766844459137,0.23001453853826145,-0.9242456056053557,-0.07469251804972403,-0.8196573104623108,-1.2924290983526058E-4,-1.052127181892155,0.10087187903000346,-0.9622513517578987,0.15464831946472757,-0.8372786822600173
peace,0.0,0.0,0.2991174112887666,-0.19686128369623823,0.4885521657415681,-0.5194912542999182,0.48559024989229166,-0.8300379487052532,0.43167307015313033,-1.1082198049517413,0.5708501189656676,-0.8433565165267255,0.7247937833482124,-1.1093809412694458,0.8270875471212451,-1.2937363150828405,0.8996501031335279,-1.44476841704482,0.42296072400314955,-0.9061480154758005,0.5756476149243797,-1.2473678103190493,0.6930116615320366,-1.421703453310379,0.7937345014421023,-1.544138169672058,0.2513583012117534,-0.8965586088363051,0.39123703278684346,-1.13356012498699,0.4082551168535942,-0.9481890039367431,0.4044627990673463,-0.7925857386631938,0.07840441301631264,-0.8332139955175815,0.25805668206799065,-0.9474862900459574,0.30304549429235883,-0.8211091515536962,0.3038429001258745,-0.7078146243722572
peace,0.0,0.0,0.1799669613481794,-0.3860492076037543,0.15660531606639852,-0.7669885654012689,-0.04489529427338475,-1.0252309629060623,-0.2558200486148783,-1.1956257270846322,0.12706196580855786,-1.040078082943398,0.14050011734519943,-1.367240847492858,0.1566210420499468,-1.5932511745621036,0.15599777553741886,-1.7838182046394762,-0.08216149589501799,-0.9966190288130631,-0.16981474412079972,-1.3577566859716566,-0.2026864291245578,-1.5943684658805934,-0.24090982558026663,-1.7862245320615795,-0.23703128047324182,-0.8822912777142777,-0.3134162642974222,-1.1862468201685088,-0.16493391639142477,-1.0318004925333621,-0.0716886875726443,-0.8802697921075319,-0.3314094768282896,-0.7138879903827081,-0.3312061338891177,-0.9376574892107488,-0.1901579958767226,-0.8568645520105981,-0.0941648007301899,-0.7350035073687019
peace,0.0,0.0,0.035455090436402846,-0.4653349480551248,-0.04167078000076465,-0.8550676156643132,-0.2864172610225148,-1.1147361917875749,-0.5438116557857715,-1.2995991840814605,-0.042148766992930624,-1.0545413248408992,-0.11804533625452329,-1.4638531822445517,-0.17219200011367747,-1.7138087301922689,-0.22427513144929637,-1.9230540413446384,-0.21874942008360665,-0.9757810672548868,-0.4219017394558964,-1.3890121288684465,-0.5539227999363207,-1.6443624038440778,-0.6727429934795054,-1.8572647698271447,-0.32638281804020997,-0.8425061299012995,-0.45577737665571016,-1.1165878363638377,-0.42295002719503416,-1.110661066134987,-0.39473991436315525,-1.0901333370210073,-0.3985049525373518,-0.6761529231494766,-0.4871876996541926,-0.9181227633807012,-0.479718339735135,-0.9792073118837611,-0.4507157122856553,-0.9873153301624097
peace,0.0,0.0,0.2589972315826522,-0.3878317663344364,0.35858630085203325,-0.7933500497503331,0.23126161438836912,-1.1294083762138571,0.08325438294559762,-1.404909151711526,0.4847298814527902,-0.954154664100596,0.552864440905341,-1.3105713037473365,0.6232378245461225,-1.5569240530562365,0.6638596791954021,-1.755343444935095,0.2873474583981064,-0.9578264133715192,0.38082942657378605,-1.322427177661285,0.43671175874873525,-1.5592234069798856,0.48169544045381996,-1.7620075178099615,0.10635375221628941,-0.9125749069877644,0.12363984181728978,-1.2042185215588583,0.13978517871232857,-1.1405422584279357,0.14978209132890918,-1.076767973986692,-0.06782599360581068,-0.8337144590185224,-0.03547915520546509,-1.0663958061113519,-0.0021393963375835466,-1.061433434837638,0.019104406733079428,-1.0164026582823198
peace,0.0,0.0,0.25018740582087323,-0.20200371098257092,0.3436926196111224,-0.5355548367330933,0.23495346066292905,-0.8222161279775017,0.1274934124125453,-1.0671975663275861,0.4515908626955098,-0.9638826320981364,0.5775869071622906,-1.343138113829632,0.6706905201481334,-1.5853226994367557,0.7311246265068091,-1.7919564536774968,0.2384922526883681,-0.9711443998745128,0.2581152409471892,-1.400027080218959,0.2707267384534863,-1.6349372488379448,0.26742916829661684,-1.8060202008848398,0.0543222499511227,-0.8778424136414912,0.08635994945503947,-1.1064966135233558,0.158594603485545,-0.8950836160045369,0.1923441940985285,-0.7171918231461258,-0.1006317143500787,-0.7238557639695923,-0.010642701373119234,-0.8724101606407441,0.06614380184912438,-0.7150563001332013,0.09436461337308637,-0.5624160680349783
peace,0.0,0.0,0.2840067326252868,-0.23457259436266834,0.39190701677833223,-0.5746996720129776,0.27379395777809873,-0.8711580295129341,0.10998947792921299,-1.0869195916684165,0.4129302549557415,-0.9465092964840454,0.5349452401479351,-1.294328452590901,0.6188514503262077,-1.5175316203342564,0.673521684340374,-1.7136093583963687,0.20279564610178158,-0.9792210812284226,0.21140153611790086,-1.3811894840365153,0.24001341387227162,-1.6112457702155567,0.25637183485446363,-1.789735111686517,0.012086849468619381,-0.9139139214520484,0.04385583729060644,-1.1803039218356584,0.13449995025801972,-0.9470482650236655,0.1792803222876582,-0.7630928237963316,-0.13900106336857043,-0.7786524849741067,-0.00301503964631246,-0.938400231507489,0.10840975224262547,-0.7701945654692992,0.15883117223324997,-0.6128827132392215
peace,0.0,0.0,0.16113441491009023,-0.2920016478775325,0.15445409094436058,-0.6171604851657077,-0.05843880365872069,-0.8130549182448903,-0.27204979728477086,-0.9327484104253413,0.06107683297608729,-1.0446608676326148,0.04111975702997156,-1.4121377128874848,0.026275882872388186,-1.6598046808925229,0.004892769289634213,-1.866361946439292,-0.1584578728031883,-0.9873657389978086,-0.3314911914268469,-1.3788862735848637,-0.42944131094052385,-1.6421467362307334,-0.5127582154494275,-1.8456992149476679,-0.3047290603951246,-0.8389540918467735,-0.34291991010435474,-1.0015741521280592,-0.19735462904422788,-0.8173220966190827,-0.10760454043008012,-0.680616498936531,-0.38434612443196037,-0.6376331293094218,-0.3487697899500037,-0.7644932903807394,-0.20807173200755796,-0.6613275908591122,-0.11182933538262309,-0.5550023911085458
peace,0.0,0.0,0.10716374863108404,-0.2771959730201147,0.05648003647491883,-0.6197497810214908,-0.2057288444198739,-0.8358883528029137,-0.4238415689664076,-1.0010034660826386,0.022523924389043517,-1.0478483968638237,-0.010507473643478713,-1.4733405290760186,-0.04244242213657989,-1.742207230356253,-0.07501679841837024,-1.9604217152248729,-0.19003900585361375,-0.9817765408962317,-0.37985835940324136,-1.400445660499868,-0.5077792507610132,-1.6391440439509812,-0.6100256869516234,-1.8192890825619612,-0.33100937817853854,-0.8273346974766058,-0.43583778592961625,-0.9718366198145649,-0.3320921371985544,-0.8009628311444508,-0.2471783012372425,-0.6766157693449352,-0.42025042492772724,-0.6188166110590934,-0.4803125455387789,-0.7623842561132326,-0.3806315717528827,-0.6597304263047341,-0.2866357874811568,-0.551834033554305
peace,0.0,0.0,0.012307499697101563,-0.2909093345053449,-0.12004768442289669,-0.5911938211219702,-0.4471929497504558,-0.7834124418920998,-0.7035771431710481,-0.9167836293587319,-0.07931512205256824,-1.0406937295398677,-0.18519202522644285,-1.4729428365773833,-0.2658476142468289,-1.732326644432091,-0.3404100240196169,-1.9354249930703322,-0.27031319955726885,-0.9627724415172633,-0.5021966356216359,-1.3359648575218592,-0.6602885420238326,-1.5304877990438113,-0.8000434345602204,-1.684357772226335,-0.4089740165905184,-0.8142381092372565,-0.5836228003777604,-0.9485202907172126,-0.5423381019766369,-0.8491878532784364,-0.5140402680028986,-0.7854294327579957,-0.5130215252823522,-0.6184488667597084,-0.6360055141644992,-0.7541003293627094,-0.6089930553054509,-0.7035527931807154,-0.5675271523929345,-0.6358819379635605
peace,0.0,0.0,-0.03430004318019403,-0.5376407308274204,-0.004105977382076299,-1.0173205866864035,-0.13181835035772724,-1.3654224625435956,-0.312136663003189,-1.686686746176907,0.30067244892650075,-1.1141415509610768,0.25133425551833294,-1.6318334781144128,0.21196341953632852,-1.9827575278016398,0.1569963654171987,-2.265577775924471,0.23048000306275937,-0.973077061793253,0.15475688804732665,-1.5193916133774743,0.08589943870628719,-1.9293756812267269,0.00906008032429335,-2.274101792040959,0.13302321348862464,-0.7587804903546047,-0.004876990841453557,-1.1868171785466148,-0.10769624409225302,-1.3968782845009287,-0.1808853070600017,-1.5397104368321397,-0.0015210550085050316,-0.49714203626702436,-0.11156002279801218,-0.8151948213774645,-0.17546046539387694,-0.9874735791158502,-0.20790798983536637,-1.1046408454250287
peace,0.0,0.0,0.2456786755414673,-0.30375350337462126,0.33025003734941993,-0.6965841791036804,0.19981527221374015,-1.0170924420808551,0.044582699007743976,-1.2461954351055908,0.3781628731325351,-0.9761163966389597,0.45838597021730615,-1.3270102361097638,0.5074848873441051,-1.5633756857889511,0.5318307776073329,-1.7580096279652777,0.17213590329404088,-0.9850732108818839,0.15279634188381835,-1.3805868442406461,0.15168951086337215,-1.6011849647001255,0.14909468341240195,-1.7696239478327387,0.0012557834352060599,-0.9166565977954906,-0.00895337687950671,-1.2236378331603357,0.08206074976071205,-1.0134819692223207,0.13879290525005006,-0.8267412816610772,-0.13435269105544942,-0.7910907624584318,-0.08017468754997412,-0.9979567354177559,0.012089207139470017,-0.8713728676152038,0.06658573965497022,-0.7235535415130244
peace,0.0,0.0,0.2497414364872799,-0.20026557266101916,0.34685383030651107,-0.5470363386814177,0.2281233041767117,-0.8264787516163539,0.0995511500849278,-1.0498390825799666,0.4052262330367337,-0.9761191561694968,0.5193688541797699,-1.348545844834525,0.6108760848715502,-1.5945501566982658,0.6752274400167302,-1.8081686392767655,0.18379845042479548,-0.9829639513336408,0.1848328429025288,-1.4080407794447294,0.21187492410201086,-1.6622912470955244,0.22422449752765347,-1.8539808047010113,-0.0134066875242408,-0.8850193315895354,0.018851216241888832,-1.1235493709258482,0.11564122378475049,-0.9159225052722958,0.16685817837048006,-0.7319466585862399,-0.17883750112170174,-0.7264215798601978,-0.06611544688970462,-0.867179786204515,0.04193666240478363,-0.7200071917929286,0.09200710635080736,-0.5750797542627026
peace,0.0,0.0,0.2108856061070446,-0.3261238664523955,0.2595575507576181,-0.6989216952983065,0.06976715052384404,-0.9975360762331036,-0.1444577000226414,-1.1846148790783855,0.2609818787220766,-1.0120457668558638,0.2934954270945717,-1.4138545202502044,0.29210292433336627,-1.6841030624977937,0.2827627275748655,-1.913672492963818,0.05581920476227733,-0.998440892782195,-0.026544621415199265,-1.4390289065385498,-0.09664703744501126,-1.7039483034895229,-0.16029474181126818,-1.927835824920632,-0.10187447719821256,-0.9007041924031602,-0.18423219854110287,-1.2185405457461664,-0.10054292270361445,-1.0306231788189426,-0.03296560636964651,-0.8685779507494997,-0.21365980306986004,-0.7429042262733156,-0.2369009083398365,-0.97541766005147,-0.13267186649717375,-0.8775653681323178,-0.042017574872270376,-0.7552211804077898
peace,0.0,0.0,0.03967850605346507,-0.28812439019325686,-0.06736555956470239,-0.5810502097394232,-0.3769023498618991,-0.74971288150237,-0.5884927997014101,-0.8587252532919317,-0.1218262676734565,-1.0399267862674826,-0.2367927311412907,-1.4611104080110977,-0.33402916483724987,-1.7122311792437537,-0.42126225938879247,-1.9131600753572573,-0.30163055356759144,-0.9534248838553084,-0.5345927050806435,-1.32095496660251,-0.6974550128927322,-1.4930417264067823,-0.8251548130026911,-1.622408610104306,-0.41404651636815687,-0.8019919369462348,-0.5649974874344202,-0.9135855549485483,-0.4767700898254346,-0.7637135357332209,-0.394257323396249,-0.6725500370740354,-0.4785864420508847,-0.6086428586590817,-0.5794804131383263,-0.7299254623119323,-0.5020803747100644,-0.6433910405728052,-0.4081342070978483,-0.5575811100208259
peace,0.0,0.0,0.13069420885583408,-0.41219783364450585,0.14884926339296686,-0.7937507567920631,-0.05724626109480861,-1.0636848248454416,-0.272662275958345,-1.2672900160337288,0.2116984274683251,-1.0207499491278098,0.2043741717355132,-1.3765435916130195,0.20766710053295825,-1.6189177175836262,0.19773866269963516,-1.817561905505642,0.019017941070575,-0.9998191426040192,-0.01478955034147352,-1.3746118113251418,-0.04578438527967025,-1.6032721167766726,-0.07400172066496316,-1.767603699180363,-0.12715106969117454,-0.9222377894792604,-0.21350335500634965,-1.1568664448527737,-0.1725699052313975,-1.0474751713331034,-0.121876092376777,-0.9367732231289696,-0.2465676167737964,-0.8098894282754112,-0.3003549302777946,-0.9986390727969368,-0.2575464447189509,-0.9468683993417594,-0.19022258587182647,-0.8531344970016994
peace,0.0,0.0,0.07571218954340427,-0.4337421574335925,0.07207695687061451,-0.8343823325343399,-0.11486603640198434,-1.1427428392869166,-0.3354046868892866,-1.394286520187281,0.20351460724067982,-1.0411838644609315,0.16297389022430217,-1.46147020046903,0.1359256809541063,-1.7518104077056673,0.09687521317838955,-1.9886156707322822,0.041607695181356014,-0.999134024894406,-0.013190958913706507,-1.4398830045048192,-0.06867753453658178,-1.735108960212493,-0.13558490108505725,-1.9759905168047562,-0.10175968929148291,-0.9037820362333651,-0.24818889712416287,-1.2292563934973695,-0.29427476211550213,-1.2604849878039879,-0.31344495512236775,-1.2669469226917474,-0.23880197037034195,-0.7608452388943805,-0.34649986021132434,-1.0349270442765557,-0.380268240016781,-1.1238620016822398,-0.3853252266609704,-1.1658071367930445
daumen_hoch,0.0,0.0,0.14903676537139357,-0.5977315533581989,0.15683122346071593,-1.152568367857834,0.10653791864009543,-1.5356116603154628,0.12872946139023597,-1.9006698504404824,-0.17098892611805044,-1.2375126216542718,0.2705586816364896,-1.275827938926424,0.2614143814397703,-1.133361713242742,0.13637918224119358,-1.1142642463688728,-0.24084311090028718,-0.9705640607048418,0.26352495970192175,-0.963197004524343,0.2058272024765359,-0.8634939383916205,0.05076179640795904,-0.8951341450526493,-0.23579335099941287,-0.687918434619552,0.21222103346254384,-0.6777367354607733,0.14343217939012104,-0.6025986026942156,-0.010871913421475024,-0.633918633040074,-0.1941897052416052,-0.4143643615874945,0.1509416644000793,-0.4277889135764934,0.07070494888429942,-0.39798481535877117,-0.09539592137669574,-0.42837744242690956
daumen_hoch,0.0,0.0,0.15960292007912036,-0.6417271617117843,0.34990097746337007,-1.258831555608298,0.4087846734937953,-1.7044264079465596,0.44116716067376505,-2.0961184374582627,0.11038400782638753,-1.3094841491968459,0.7784709261429816,-1.3416791530573888,0.6794822216518349,-1.201956307294412,0.4696212067273002,-1.1800029685335134,0.057228319090616604,-0.9983611167779235,0.8100086809149173,-1.0146999086206223,0.6516095356193223,-0.8988220299343257,0.42402568643097255,-0.9117915959928747,0.08840466772921811,-0.6682479026665199,0.753363587969936,-0.7048348930073023,0.5906156258768097,-0.5961215643425479,0.3620020491271495,-0.6034265713432758,0.16430829108599268,-0.34859879570859953,0.6719547725972683,-0.4084859691474493,0.5366988071156555,-0.3615571650194721,0.32884350292489467,-0.37221323419145247
daumen_hoch,0.0,0.0,-0.3422234541829616,-0.743772337031589,-0.5187123152947472,-1.4124190119310898,-0.6283468225127854,-1.9227183294874228,-0.7332310580468918,-2.37014952607046,-0.16831019331694916,-1.3484852109919354,-0.8300359833615216,-1.468032805425952,-0.8649794828546096,-1.4182294709261858,-0.7561839174172509,-1.4222547121904845,-0.1065642181991705,-0.9943058218674976,-0.9347388563355343,-1.1409297549895558,-0.9059059876673271,-1.1033520202872078,-0.7311193597198765,-1.1000098273684467,-0.09827247868476961,-0.6313612753731059,-0.8563250182200215,-0.771269755922811,-0.8134175192709734,-0.7385472480896342,-0.6489318929041453,-0.7158180132339583,-0.10183297838882858,-0.25374245463953937,-0.6437683776708644,-0.4115926742552901,-0.6421079866403782,-0.42326606983810217,-0.5197827182439413,-0.4116897927866982
daumen_hoch,0.0,0.0,-0.2597679430996186,-0.6004118408047692,-0.4406105108304208,-1.1673803201614295,-0.5635375538974828,-1.5869086411519382,-0.641766457469304,-1.931248679172844,-0.1808551683718663,-1.2235026590504723,-0.4913427536773904,-1.5547122276884,-0.617802329191119,-1.7758801688113686,-0.6592145651507013,-1.969189381243638,-0.1494209218657797,-0.9887736789118026,-0.7260945295212576,-1.255414928058016,-0.8299097220813375,-1.2303391941354167,-0.7563382445493558,-1.2016828162275421,-0.19163513135344795,-0.6953359064787693,-0.7525731729994162,-0.8759059567087407,-0.8055805188661421,-0.8264761619426648,-0.7035194500934612,-0.7930150450457838,-0.2559130633442769,-0.3573793818587344,-0.6849835634343887,-0.5107536975827203,-0.7086522639552628,-0.4814871049934984,-0.6021006703611999,-0.44559910462768026
daumen_hoch,0.0,0.0,0.17010310171194387,-0.3977892793357319,0.33888400103417393,-0.7623545301268093,0.5066079608168432,-1.0094948786315217,0.6401134910531489,-1.2189511680962704,0.3407022086162972,-0.9736690939127635,0.5706697041262067,-1.3098797158907989,0.7258333627669865,-1.5517924068167113,0.8502850530914897,-1.7169869026800408,0.3781212916801347,-0.9257560633223778,0.6495809076869814,-1.2931052831069414,0.8220497638736138,-1.5276101694747317,0.9634365842493439,-1.6964616637137337,0.4461138785299599,-0.8484909429276212,0.7259592048400945,-1.1853873850791596,0.8855401497461841,-1.3980585761380486,0.9968258522334592,-1.5581316534371854,0.5478970701274521,-0.7474177645465624,0.8007403786611036,-0.9920384984735235,0.934596182084183,-1.1202054943196547,1.034993867756705,-1.2079181842732867
daumen_hoch,0.0,0.0,0.11940579421790552,-0.6441291234769754,0.2941210211552277,-1.2758392426697085,0.35349136119258934,-1.7387000218326454,0.3691206064249129,-2.1491533238833176,0.08953425979107961,-1.31228332435288,0.7322609333069284,-1.3877805894332536,0.6171325864802601,-1.2526890721335564,0.39689483841076323,-1.231023569312845,0.06143165659195055,-0.9981112921755613,0.7935448978235001,-1.066910684152208,0.6372621916778276,-0.9636108232102557,0.4048247283192574,-0.9767682878713919,0.10678411942074922,-0.6728875944457012,0.7447050527410447,-0.7626179023469918,0.5678161783051695,-0.6613911033531017,0.32298595037118083,-0.6578286255518115,0.18347791522348111,-0.3589144842514647,0.656073313982504,-0.4631561008381972,0.49784462105007227,-0.4200497570847025,0.270465923650712,-0.42420987549219974
daumen_hoch,0.0,0.0,0.1934009712565573,-0.5203720252142673,0.547387377442064,-1.0349720544075318,0.7976267908077339,-1.4353752062051361,0.8917772290738541,-1.7949253753858305,0.5240460081550924,-1.1157054796714116,1.1612411171910133,-1.1418547916161117,1.0765532632276915,-1.0230457295147806,0.8844272131501087,-1.0022382122574156,0.5001583026497629,-0.86593398841396,1.1567716154151646,-0.9080703486334867,1.0371420239652493,-0.8123901689559648,0.8349057812870097,-0.8106506057361242,0.49990143237524043,-0.5840028717972441,1.0414628976891993,-0.6327019292738734,0.9298247803346019,-0.5348266670229683,0.729781672689755,-0.53466532871008,0.5235343176481426,-0.2910893721704893,0.9094217363826104,-0.3033129531670374,0.8001676129804642,-0.2599697331660952,0.621192582943276,-0.28828327455064645
daumen_hoch,0.0,0.0,-0.3252670335821174,-0.6225411543208602,-0.42491544309332274,-1.1754102753296518,-0.48264722215662753,-1.5890255325005265,-0.5817865708300476,-1.956444599745229,-0.235965720812096,-1.2053501712378645,-0.5687230784443276,-1.3570399888399711,-0.6780214674048074,-1.3536700526644163,-0.6714551259208585,-1.3384526707613842,-0.17442934678776087,-0.9846696923228596,-0.6024380746102705,-1.1718105909389172,-0.7071984927915732,-1.1545489821560309,-0.691553326808346,-1.1279394374268383,-0.14107316588452173,-0.7501799263815457,-0.5554282854906224,-0.9389943722040275,-0.6735530198548377,-0.931594084616619,-0.6647302226860856,-0.9093500886228754,-0.11716294091900735,-0.49988831770601555,-0.4219953565842666,-0.6714358323931359,-0.5632406118654869,-0.7122965302864231,-0.5974903935728453,-0.7288574735424164
daumen_hoch,0.0,0.0,-0.1763587959597089,-0.2610145623030969,-0.26530748068479326,-0.5176652488958743,-0.2943619085709322,-0.6627471832651208,-0.2758984891298946,-0.7161630001637443,-0.35814806737374966,-1.005280517082807,-0.3493011578128724,-1.1002345032981395,-0.41207115749795886,-1.1134703744935968,-0.4206665806681227,-1.0946863927775423,-0.28168984352323373,-0.9595055143436416,-0.25620541143715025,-1.0626176223137223,-0.2769491413934841,-0.9978646699084153,-0.26174483147684274,-0.8860617226633936,-0.15513592484999597,-0.8457808061150782,-0.16073967236689982,-0.9465603710918482,-0.18942829372176595,-0.8922100139219276,-0.2204431865888774,-0.7998057431299338,0.0286339698770125,-0.6965802109451603,-0.05885247424143385,-0.785218367764932,-0.14705431516424294,-0.7466260026971208,-0.20977163440838192,-0.7352666482289493
daumen_hoch,0.0,0.0,-0.3700124482999849,-0.6461864202131994,-0.6343128998533224,-1.2594381678586684,-0.8502576213535922,-1.7298256543242592,-1.0508501827472947,-2.131774934085498,-0.3327754487184463,-1.2786474719162233,-0.9845118670819245,-1.3921897358732942,-1.1296888739933348,-1.3258271397363361,-1.1106692534168654,-1.290257851124627,-0.24402354625266193,-0.9697693070386767,-1.0127612713910563,-1.0190419022092199,-1.1307374945632342,-0.9994264856954097,-1.0730772905958685,-0.9996393403879598,-0.2187219390956558,-0.6199741104949583,-0.9406450662456302,-0.6310840901366257,-1.0327152587447246,-0.630587881108133,-0.9728272906963841,-0.6391246237659781,-0.22488757661436995,-0.24667011765574737,-0.7642222969297864,-0.2847236559391647,-0.8695935043163291,-0.33074611894841877,-0.8459608406404006,-0.3646635959853991
daumen_hoch,0.0,0.0,-0.2951739055575039,-0.5955125838576146,-0.4458497007809761,-1.1112303024851045,-0.5677907560955263,-1.4970696608219685,-0.706040981743437,-1.8301110377435958,-0.29291106701618586,-1.1683010926816833,-0.8009550125544067,-1.2991987889658378,-0.8355527202554983,-1.2684788748651332,-0.745110097870287,-1.2728538228089228,-0.2693486029028102,-0.963042745735777,-0.8350248342295077,-1.0851959421635757,-0.8454454441654665,-1.0808608220692937,-0.7391076555186803,-1.0674864760322993,-0.2655571971927748,-0.7339958152728385,-0.7763928951137755,-0.8412407538544755,-0.7745419022317535,-0.8287636907238086,-0.6695352374016738,-0.8072434959516388,-0.2686136120593797,-0.48534453807598293,-0.6381318774034176,-0.579346074311652,-0.6722631624436942,-0.6007089105351863,-0.6105478796960125,-0.6016797850292492
daumen_hoch,0.0,0.0,-0.3321940188742269,-0.5491188239936743,-0.5129049538411933,-1.0375319980545836,-0.6427041353144615,-1.4215374052094198,-0.7902125409770852,-1.761589809397941,-0.3216366026041886,-1.131080748736164,-0.7360819320930467,-1.3267387566642053,-0.8383029474153104,-1.3034586936922066,-0.8346337176134657,-1.2907687591411154,-0.2838736146198276,-0.9588617058380596,-0.7526725627642854,-1.1341902260369103,-0.8492407563747146,-1.127411113830284,-0.8315530026992425,-1.0908947322392684,-0.28231163473481935,-0.7476672998532513,-0.7120209804545529,-0.9072663392843987,-0.7889169169954402,-0.8963226563164792,-0.7635854578255044,-0.8603844594601788,-0.30535476248403537,-0.5037834288251034,-0.6403210095494268,-0.599519437470538,-0.7353573022494863,-0.6140366444119073,-0.7377059941715005,-0.6001158518868522
daumen_hoch,0.0,0.0,0.06687986795120245,-0.6416022609071564,0.18407952382102322,-1.179648552789633,0.2612028637401453,-1.5555566450833573,0.2907018877182986,-1.9325116749336657,-0.009925447193744634,-1.2373040591617597,0.4471501470598985,-1.384086644545987,0.37369342077049833,-1.3363064434615433,0.20654967024861803,-1.3428535134792265,-0.035171313850339114,-0.999381297944904,0.4947925904129953,-1.1563592805520215,0.37086384834640507,-1.1146708970210295,0.1610428692623646,-1.1507322562060265,0.010569977402739362,-0.7560794126935227,0.4635589533082333,-0.9401721875468033,0.3441780715206041,-0.8852696626323228,0.13617502805400616,-0.9102464803299651,0.08859438751535738,-0.5269205131827374,0.4113397094217256,-0.6730974203845482,0.28908769997284417,-0.6752289284293274,0.09945705371859583,-0.7156743651345852
daumen_hoch,0.0,0.0,0.15407164954754823,-0.6535223637413353,0.3073124141846302,-1.2891593370202024,0.3324559070322383,-1.7454814439634154,0.3138389118187568,-2.148257310423752,0.05792623260055481,-1.3237778087636467,0.6878086336740942,-1.377530851213404,0.5954758030803452,-1.228702664902148,0.3934364943723357,-1.1911078170884632,0.029074632137108643,-0.9995772435215259,0.752402613075609,-1.0483183496457966,0.5994224113091219,-0.9295441568402503,0.3671410727269882,-0.940645783457187,0.07846239064095804,-0.6587777456685453,0.7091836646837703,-0.729688758051037,0.5510438109011677,-0.616723912711206,0.3178491709288175,-0.6252244752272264,0.1630733042604498,-0.334955028287433,0.6415035051020709,-0.41675756866079045,0.5044839520094242,-0.366193917182782,0.29451440282526575,-0.37931715665069915
daumen_hoch,0.0,0.0,-0.11954644070142545,-0.6014610742664522,-0.15282836389241847,-1.1214069163941967,-0.18496600297465907,-1.486017443773939,-0.2397911944099531,-1.8329614805982894,-0.32632380601612526,-1.139144394092833,-0.15045827297582762,-1.4218338147165859,-0.1368251614296717,-1.4377543181803225,-0.20958115289895046,-1.4399083790586829,-0.2767650627713501,-0.9609376150558219,-0.07663880408823304,-1.261821224609603,-0.08433241931339801,-1.239849578619038,-0.1963638378042184,-1.2588001795437227,-0.18789008001201538,-0.7643234810851498,-0.040688214373833374,-1.0486262737699872,-0.057153344702417806,-1.0320112930597702,-0.1522355087306835,-1.0361110562995044,-0.08858039634356582,-0.5730759342289681,0.01007792402779468,-0.7961541570306812,-0.044182745730892196,-0.8197637239503114,-0.1359909090661261,-0.8448880583113034
daumen_hoch,0.0,0.0,0.04489206902876611,-0.5768948046765308,0.06063776849925078,-1.1007613088706605,0.03721655584896255,-1.4707263916649018,-0.010798384142957869,-1.78609129909844,-0.23094608667035701,-1.2118651451030713,0.1916474037970455,-1.357465009093027,0.22410774919322196,-1.2264385961933528,0.1256944910223974,-1.1683880936905917,-0.22962252029987015,-0.9732797635680789,0.2595782626777056,-1.1038788536109958,0.23640919341566227,-0.9894019204674007,0.08324279076477682,-0.9651962617203507,-0.1707348420944406,-0.7116241674665613,0.23691795421931983,-0.8381353814960028,0.19089374326817674,-0.7365003976665059,0.03497229860200747,-0.7132943644180996,-0.08718430217518999,-0.450381247109049,0.21506329022451487,-0.5745247420465942,0.14572151491913857,-0.5330235595132274,-0.0042243338420946755,-0.5306709668941367
daumen_hoch,0.0,0.0,0.13883845435588793,-0.5403814819498054,0.4170671322114302,-1.0478762929337355,0.605395396583892,-1.4284852933848295,0.6525656044824968,-1.7248480606615586,0.47052656663221726,-1.1352047626458464,1.041686042764406,-1.1136233532805295,0.8917985602495918,-0.977847256109964,0.6547200217941032,-0.9936434015575016,0.4654418727148961,-0.8850784502650882,1.0987277485036306,-0.8370818378669378,0.9045257661038746,-0.742298815194739,0.679846946696337,-0.7725312863138756,0.48164420558331505,-0.5982984077101771,1.0263066550278601,-0.5749542102818468,0.8443093217767438,-0.496463175756913,0.6240534961256121,-0.5303031907972061,0.508265096852344,-0.31841307711368494,0.9084692530634509,-0.2948079857067191,0.7505752562576893,-0.25280885982370194,0.5557982500759236,-0.2934732463464063
daumen_hoch,0.0,0.0,0.07702447925998741,-0.5688096369920395,0.16802413935136495,-1.1595532407628353,0.1832051866143529,-1.5964291203472045,0.15285670435054916,-1.962869811796203,-0.017362609147636213,-1.2468891773652824,0.5706952165479692,-1.3767948202073357,0.501107307359289,-1.216426284600412,0.31037341478338926,-1.1691259235128606,-0.026276165913639574,-0.9996547219439714,0.6608443914986732,-1.1026341852291561,0.5537579624687042,-0.9675303457078566,0.36328855277186844,-0.9621308900449245,0.04208461471492595,-0.7211588627090465,0.6435516436304495,-0.8197156907646945,0.515629003642186,-0.6915442051241599,0.3133276131688505,-0.6805818341541954,0.14486574396532143,-0.43826399283182577,0.6047256469822893,-0.5420006803870996,0.489570183931163,-0.4555172538899468,0.3046279151663948,-0.4361078555029701
daumen_hoch,0.0,0.0,-0.3863289803662656,-0.6594432409964419,-0.6078843569659218,-1.2544177500396034,-0.8023455563892044,-1.7105845681759813,-0.9985843795724065,-2.1128864023660925,-0.32476510121696495,-1.2536755205642385,-0.8694325533624911,-1.3927115804021526,-0.9209572125025325,-1.342717723881265,-0.8704640501506213,-1.3305207524139218,-0.23401274954686996,-0.9722335280422671,-0.8894973521435237,-1.0694137038939149,-0.9282253125538821,-1.0530148658905338,-0.8424076785444179,-1.0378795475093114,-0.21137669929645317,-0.6579800964792843,-0.8261548748601971,-0.7523215551694076,-0.8442463224827357,-0.7206830189586821,-0.7585675367833987,-0.69084719664111,-0.2223482735285412,-0.3202100240674455,-0.6722991329530738,-0.40121473717954853,-0.7336032196063205,-0.40147331170796985,-0.703198484607516,-0.3948897094661954
daumen_hoch,0.0,0.0,0.13273234195859293,-0.6003929654923987,0.30705018480698576,-1.222174278263866,0.3708618060772672,-1.688678116667428,0.36026373698065206,-2.079481136672945,0.11787706900621286,-1.2963779961296866,0.7196991557277501,-1.3902274932236374,0.6505077146458107,-1.205801917906699,0.45649753632122353,-1.1526544301261727,0.10134002639368245,-0.9948518477896735,0.8085746742367415,-1.0315493016783448,0.6722278200730388,-0.8732665556728644,0.44652289009393115,-0.864265282107542,0.15118573069966929,-0.6615344842066059,0.7752988053761117,-0.7059985734728602,0.6271659198579906,-0.5667785166169266,0.3990306101116845,-0.5597267410585919,0.22704476853200994,-0.33566600063194263,0.7233599848171808,-0.39792762198273873,0.5945542853849096,-0.31435951575306914,0.3905007634387143,-0.30904492256144966
daumen_hoch,0.0,0.0,0.14497698772685053,-0.5409576545758134,0.49122984417403665,-1.0928972455828012,0.7494025236961971,-1.5092313714590695,0.7974068498442027,-1.8870063015065452,0.5395348704653115,-1.1515207872147766,1.2125141057018234,-1.127536760188134,1.0425054543360024,-1.041571671798769,0.7891956984263985,-1.0610364645054227,0.5417024639775893,-0.840570306708849,1.2507292204098646,-0.8476846750649972,1.0443163722501954,-0.7914763623574037,0.8061520071009475,-0.8335684490168802,0.5606191450306888,-0.5106082107784549,1.168845414382012,-0.5605235389538638,0.9798328722044886,-0.5128687235457264,0.739141551123047,-0.5622142215911129,0.5865920919178378,-0.20439661227721273,1.0107814772701929,-0.2130949740537316,0.8621211926655689,-0.20823249824481346,0.6644875348391721,-0.27271331146868905
daumen_hoch,0.0,0.0,0.12567318277049566,-0.5769450384065592,0.36789871022756193,-1.0591010591420082,0.5609786996841362,-1.4223800516967988,0.6220683784174822,-1.7851143097292037,0.46552895561701957,-1.1407354728169183,0.9248590678963645,-1.1741633303254086,0.9338447384510119,-1.0624267848122537,0.8424539804519802,-1.021189016244344,0.4847904848623648,-0.8746303137822936,0.9732838513614022,-0.9405206804386735,0.9432420603091649,-0.8144818054089371,0.8394694563938048,-0.7441319524415934,0.5003405867984078,-0.5981828065552909,0.9208546907606942,-0.6496697546408106,0.8626517819278808,-0.5701174628374798,0.714250965936523,-0.545108239239998,0.5019314367092971,-0.3539740577550066,0.7706136371193866,-0.3745420327575027,0.73256184120957,-0.3301293383766062,0.6263178704558983,-0.3235977348839712
daumen_hoch,0.0,0.0,0.15040686731533526,-0.4085171734709098,0.36093425891234665,-0.736692422552968,0.6208272139558163,-0.9119212414391571,0.8094788052906216,-0.9859932561065933,0.44752331591167427,-1.0003002563992933,0.7811184125374732,-1.1964211253270742,0.9309491379309471,-1.2694901822101934,0.9754000297568899,-1.3422884209440262,0.520495060137981,-0.8538646803633229,0.8956743622017035,-1.022926341494984,0.9842734142522216,-0.9733823006866864,0.9644160229739783,-0.933629612938114,0.5985782260289262,-0.6289202274338106,0.943501195821447,-0.7470210774610495,1.0085672428104708,-0.6974038609343978,0.9686576649619197,-0.6561291012462156,0.6785280951462708,-0.372336157689622,0.9543626481492289,-0.4221158736047675,0.9818688992421463,-0.40995170651399837,0.9290300813450747,-0.40301429145930384
daumen_hoch,0.0,0.0,-0.10398010504845027,-0.21221407422805819,-0.1486360904523573,-0.5891444685425108,-0.2409811899640086,-0.8324551365069682,-0.28907646127185405,-1.023546373003865,-0.1122434731592293,-0.9840746846350849,-0.27972179537260655,-1.200966091812767,-0.4559222435834344,-1.1457400317340964,-0.468450928126751,-1.0559463984368511,-0.24187979612344548,-0.9703062218842464,-0.33656382844249894,-1.1513187673353547,-0.5013994655293164,-1.0721856286272555,-0.5503446041325866,-1.0110954575768956,-0.2718840267410154,-0.9763778059437256,-0.3259585978658252,-1.0997599738578598,-0.46670791448998905,-0.9638143649973839,-0.6142850665635908,-0.8562877751774276,-0.2788214580513331,-0.9374181419796633,-0.2963400168389087,-0.9938317790781703,-0.34040141473512664,-0.864376828607901,-0.3981969184780434,-0.8369677427495347
daumen_hoch,0.0,0.0,0.1323929230007062,-0.5655912992933017,0.424069544442865,-1.093163679931543,0.5987687851214748,-1.5027207389812525,0.6413757995722652,-1.8621355640829633,0.4297608752199759,-1.1821307267338652,1.0952973383185842,-1.2319308912547793,0.9590112512426303,-1.0952907874246034,0.7170725608285685,-1.0802236238771765,0.4251960834241446,-0.9051012598824331,1.1581958005705963,-0.9804637107623091,0.9761395837764918,-0.8752376672748821,0.7409223253700875,-0.879197199423574,0.45520358091586294,-0.6161396081243287,1.0877730459273187,-0.7130547149842774,0.9125578954997989,-0.6246378358846335,0.6777418525017893,-0.6365219093076441,0.5008969255652228,-0.34175573591577774,0.9505810024313388,-0.4075122136023746,0.8156841344461221,-0.37355130528912667,0.6252197915318741,-0.39885869743721464
daumen_hoch,0.0,0.0,0.13817108892125807,-0.5349229569002628,0.44004719368161865,-1.0854473655506096,0.6258666219045175,-1.5107581629370754,0.6670318389103094,-1.869213036954567,0.45217540138205176,-1.1703372316976213,1.13248140422634,-1.2042196384453754,1.0096809557200095,-1.0716801000125575,0.7778056941245323,-1.0506978013344324,0.4482831901553903,-0.8938915937763965,1.1801062624992154,-0.9049757672633395,1.0106782329504558,-0.8221259821133421,0.7818136698991244,-0.8399576189099207,0.48200256268595254,-0.5836768527615037,1.127006530645994,-0.6119756964507838,0.9486719110508613,-0.5385413936867338,0.7065806588092995,-0.5555266880753232,0.5311477406684543,-0.28323042478750055,1.016636877245715,-0.3254327034742233,0.865059761495315,-0.2920209426742121,0.6491739525793904,-0.30976152639854765
daumen_hoch,0.0,0.0,-0.1567474654570332,-0.5912483388894554,-0.2992240684178847,-1.1187908972443248,-0.41828229836772746,-1.500469406896088,-0.5308705430685307,-1.8186074732523363,-0.055388783715593755,-1.2374829270425507,-0.6358045415265192,-1.4614188211123225,-0.7145797844462976,-1.4495200385618843,-0.6456367972681731,-1.4429052012876138,-0.06187634312176958,-0.9980838232142013,-0.7748565558179171,-1.1753114351161145,-0.7989104017256221,-1.1192421110333768,-0.6596719719882813,-1.0833692670922943,-0.1202052941079612,-0.7230851374157018,-0.7561551728358287,-0.8573620483610231,-0.7486726789385243,-0.7880011628205651,-0.6090391002079036,-0.7502085308919407,-0.18301576298082942,-0.41962569712796394,-0.6552345512198179,-0.5500771561140596,-0.6679586722541735,-0.5240173765037704,-0.5646477496337933,-0.4934505263979622
daumen_hoch,0.0,0.0,0.14779546250433104,-0.5485241076487074,0.43788570265322113,-1.069735723861456,0.6786134544576751,-1.467217347401024,0.7218420924296508,-1.8490432955236076,0.5097568073741662,-1.1358492407011174,1.1519427877598076,-1.1371788988499039,1.041295819330271,-1.0208342865774362,0.8076745548521483,-0.9940067392401084,0.527942263933535,-0.8492802634894641,1.1810470456190496,-0.9170247444907959,1.0309757183640686,-0.8223520693716923,0.8152374414969427,-0.7888309825277962,0.55310036451667,-0.5465834854829189,1.1048912636734873,-0.6473850420683055,0.9720165806485759,-0.5839628751128496,0.751887693705987,-0.5997173736159894,0.5833670292571956,-0.2735395537218805,0.9595302480318502,-0.3217810779769804,0.8456547592439103,-0.2912212477719891,0.6575284825616906,-0.32233252084126196
daumen_hoch,0.0,0.0,0.049851452457793384,-0.609504498032186,0.2904078873286713,-1.2183609207727568,0.4339548746009577,-1.6885883748247146,0.41354429044375585,-2.083534967145501,0.37152824423599995,-1.2105744610471714,1.0934651231823054,-1.324819961074211,0.9790013449640779,-1.2185877063360517,0.7595668504057731,-1.1961090149814027,0.4585049362546842,-0.888691860787578,1.236015116367239,-1.0479343669008534,1.0303476475865085,-0.9426591332550773,0.7864513116578352,-0.9282888998333023,0.5602663921415156,-0.556789673893942,1.2385948312845552,-0.7483550662832889,1.0173567738395326,-0.6527641355790582,0.763670666863054,-0.6410591569530467,0.6664216143733348,-0.2492135600349918,1.1553987921224236,-0.4382646160789694,0.9735414767007846,-0.38062938430050114,0.7562349905627089,-0.3578377848073901
daumen_hoch,0.0,0.0,-0.04355156473665097,-0.37358716260538277,-0.0513797396825724,-0.7097537723846852,-0.03849636581578152,-0.9183646787676878,0.025682707304736926,-1.045593173619295,-0.1914503044402028,-1.0636267693918422,-0.13541396099572814,-1.3817710047058578,-0.10951040881405522,-1.5180979503604002,-0.006739230639213257,-1.5917666681550537,-0.22106070803734407,-0.9752600490956389,-0.24253888701204715,-1.367266987569184,-0.16792017811974144,-1.5148226417720256,-0.0343441240025574,-1.59621794586921,-0.15035357973020683,-0.8839753114092609,-0.17832316557951824,-1.1916352644736654,-0.1572439398906098,-1.2097195948801034,-0.16787230850047047,-1.1491350407268388,-0.03454061625522586,-0.7616877730205623,-0.026461036276424856,-1.0203510816879475,-0.09484201146357574,-1.0542883736145061,-0.1948688637595628,-1.1092274164596316
daumen_hoch,0.0,0.0,0.06433547017954991,-0.5002643399344991,0.32385517016932874,-0.9943124556982085,0.5385012999075995,-1.359946200604871,0.6370067497737375,-1.6186187574733928,0.41289963721410244,-1.1434012129579432,1.0481831505988464,-1.2163817215391461,0.9664549196012923,-1.0931422596326712,0.7640178817346744,-1.057332802233312,0.4659853053271919,-0.8847924588394297,1.1505148916696,-0.9437125652109972,1.0069384671550852,-0.8466634295095152,0.8040438483324599,-0.8422102598903528,0.5336266199032862,-0.591948891696581,1.135175061627197,-0.6735211291864054,0.9841517974920237,-0.5786498127565026,0.7745656661714535,-0.5641771754513649,0.6055876898312712,-0.30206189339663314,1.0689584877550349,-0.3790602888120661,0.9375227615622374,-0.3287625479118991,0.7518666901559806,-0.3254790953762241
daumen_hoch,0.0,0.0,0.060319412825552976,-0.5756993735799671,0.28059885637772114,-1.0536776327424793,0.46107184421665337,-1.4239068860464792,0.49895653855336936,-1.8028864069953205,0.4476752747190331,-1.1360625494810062,0.9257528811697061,-1.164993814895362,0.8683258291653836,-1.0643063200368414,0.7194902404813645,-1.0372218146865992,0.51464751992737,-0.8574018487457367,1.0104063912700025,-0.9543203313173383,0.9115568212424588,-0.8443113709916795,0.759841339232858,-0.7821643411071425,0.5633966059446878,-0.553832760581829,0.9701897844007031,-0.6492055682007689,0.859764488255785,-0.5809062709752785,0.6880886438819479,-0.5696935747705711,0.5973453020881984,-0.2881096880673494,0.8337351060805959,-0.32074487955118297,0.7399286871275608,-0.2692168182045577,0.6038517641086819,-0.2733625059308774
daumen_hoch,0.0,0.0,0.11122658152273489,-0.5309825211535939,0.4044584178455149,-1.0166392479785757,0.7342270477239514,-1.3041652639195935,0.9518754296337061,-1.518363123461332,0.4204856391562679,-1.1300592894522445,0.7778106805415651,-1.388064509949848,0.8914521137027493,-1.5857241923654395,0.9196976224133405,-1.781167180125556,0.4901105211390259,-0.8716602991239376,1.0091247032004036,-0.9812392155876626,1.1067443148480913,-0.9435095860495993,1.074218636073703,-0.977627581961119,0.5751143372349949,-0.548060833768771,1.0204553470050808,-0.6452586381769241,1.1108136851343764,-0.6380545817409994,1.0781270508648428,-0.6719509782804935,0.6443629987281334,-0.21594433050631648,0.9933969629528752,-0.2611628557855835,1.0394605565027808,-0.2729109454550884,0.9950721462094422,-0.3178439045332918
daumen_hoch,0.0,0.0,0.16537179087224357,-0.5388268891288371,0.45458000447920077,-1.0348926465592534,0.6501135531736956,-1.4172217042614956,0.6887941092281381,-1.7440054050198952,0.49152552045110376,-1.143563675536414,1.1221359305170509,-1.1174760801727357,0.9984855398737086,-1.0209398419894717,0.7799229881077443,-1.0267878716453254,0.47478094193074655,-0.8801040036151144,1.1647781448550867,-0.8401397167580548,1.0062650817727377,-0.7675665198431301,0.8073407974395747,-0.8028389401434634,0.4882493272866524,-0.5845932693369862,1.1000713909871649,-0.5841405680478285,0.9414921080369091,-0.5273129841684888,0.7325403857482095,-0.5560707018185027,0.5146165673627743,-0.2979385972429104,0.9880659530307488,-0.3047950381604898,0.8443610841932581,-0.28483193542971397,0.6420037073689818,-0.31373014658325954
daumen_hoch,0.0,0.0,0.16164947673621097,-0.5924394507195637,0.46783037348473494,-1.169588495643941,0.6741689236801078,-1.6079931492337227,0.7041007021117855,-2.0000732815064377,0.5192820639188133,-1.173037627545521,1.1659394747525698,-1.1707911353542968,1.0553217452640558,-1.0375163084308305,0.8326471737144381,-1.022701933746945,0.5292557972396592,-0.848462315655924,1.2782958197212002,-0.845252521618637,1.1157739498580985,-0.7602644393934201,0.9011804471923587,-0.7986864310414433,0.5591642148853194,-0.5039338071205175,1.2252906370169556,-0.5531763605825224,1.0448265815685165,-0.49880358016477,0.8163768270227709,-0.5428158519837446,0.5944473763932032,-0.1782238442232668,1.0955598176401686,-0.23009073957109075,0.9419549361077799,-0.2069287406194763,0.7360593593076453,-0.246542022162007
daumen_hoch,0.0,0.0,0.1382715033863617,-0.5605764177725118,0.41810604379181293,-1.1133730521919987,0.614327256402332,-1.5359254780858846,0.6328015481770939,-1.8928221543367703,0.483458933038402,-1.1638460052116983,1.1158621231420998,-1.1936013625301782,0.994731304750012,-1.0540548465055,0.7605207699036267,-1.0456090806959217,0.5005097257935479,-0.8657309133824825,1.206853797715321,-0.892967235671152,1.0386340175931728,-0.7629762851891219,0.8183149121934027,-0.7907120430118506,0.5268165459109599,-0.5405734448490174,1.1417322065360773,-0.6037153544332184,0.9787501885938047,-0.5085313767351854,0.7572883434966269,-0.5489710834209803,0.5585019183361972,-0.22566871979499906,1.0163495673266043,-0.26126173658780943,0.8768331179983467,-0.2180537388803754,0.6817755788943476,-0.27094444423579966
daumen_hoch,0.0,0.0,0.1102649285145785,-0.5752467357930628,0.3815333926848151,-1.1518190873058212,0.5540439116383785,-1.6020784147460838,0.5520763571898443,-1.9630115794340952,0.42386802206365887,-1.1824721141272978,1.0904716148263247,-1.222938636855374,0.9745819231290677,-1.0853112962837514,0.7468605209641945,-1.071954733012607,0.4484484511870322,-0.8938086968853861,1.2118145382263865,-0.9012038225235968,1.0182940216296543,-0.7957291049016588,0.7678640236227127,-0.8198812909387178,0.4988862660061729,-0.5753894125050621,1.1705481741098482,-0.6017961035420271,0.9588979193746443,-0.5191119676339783,0.6928712272430104,-0.5547144921847754,0.5570109483970156,-0.2678139841373212,1.067783888115265,-0.2922723927293876,0.8801825385136578,-0.2349440380467861,0.6364417358460047,-0.2627872919182996
daumen_hoch,0.0,0.0,0.10157919271063616,-0.6066375497848889,0.20298794119604352,-1.244717653083293,0.22058393050763894,-1.7110761270513128,0.17176684922687332,-2.0951134027389515,0.002331027689795621,-1.2816711205974196,0.6218379281186258,-1.3735966770467642,0.5609791362481251,-1.2248879168335802,0.3767908452494594,-1.193042558395953,-0.01602291665603148,-0.9998716248308249,0.7259229987854828,-1.0653852832768596,0.6068288647315743,-0.9298876897456946,0.3943551806335123,-0.9316334096470855,0.036254066448425985,-0.686725464920963,0.6923698355904442,-0.765574818687041,0.5519574190531581,-0.6367715090630761,0.3297688779108653,-0.6285504159328742,0.1266479438397623,-0.3743008522312361,0.6282818793167995,-0.46146139107513706,0.4986777137311642,-0.37924535804120646,0.2942739259811964,-0.36874112393210656
daumen_hoch,0.0,0.0,0.18529587184718269,-0.5568432200067991,0.4438853251502637,-1.1070629825912748,0.5745090385006615,-1.5298860403929804,0.5934861353533413,-1.8887207919194262,0.3970722248477015,-1.198778727812282,1.0232552760794944,-1.2094682138768262,0.9147758150365641,-1.0737504193165441,0.7049325238117029,-1.0709107335906394,0.37076462876490646,-0.9287268651529474,1.0548097079892957,-0.917256274435946,0.9067666934623075,-0.816935998347306,0.7036441747928762,-0.8367048571513119,0.39232854270669093,-0.6229467848085822,0.9947081401414463,-0.6392215566763352,0.8453324250084192,-0.5450955395192045,0.6374537368578884,-0.5612907584186325,0.4382753876153278,-0.32926510696913597,0.9017999615914333,-0.35263494864653505,0.7806899866465202,-0.29921130885967256,0.6089255472289407,-0.3109756750172135
daumen_hoch,0.0,0.0,0.1194032460045559,-0.5280075975935652,0.3501522723950009,-1.0382121265479298,0.49679883285071097,-1.4226495136657356,0.530625816455649,-1.7356149915901986,0.4181257019529297,-1.1457863546573674,0.9901889871988997,-1.1687866430147023,0.889888674679932,-1.0422949925952387,0.6887009708639524,-1.0300499207381801,0.43828042137918327,-0.8988382903702342,1.071306310035273,-0.9122547559384852,0.9280878703013581,-0.8064859380290287,0.7442864663751653,-0.8251794412499288,0.4773903515465496,-0.6169955882555912,1.031554786631901,-0.6590898990813476,0.8787326530171451,-0.5648220116167793,0.684142342274436,-0.5746602510938487,0.5215403911454258,-0.3376503535725478,0.9432733872134499,-0.38116318396525445,0.8108855978844901,-0.3258420645141544,0.6367366839973134,-0.3353982965067703
daumen_hoch,0.0,0.0,0.16794003730270787,-0.6394794395011545,0.3752961052023455,-1.250992825246692,0.4557418991291661,-1.6958136994423054,0.4431195903759459,-2.09797380832402,0.232972267788191,-1.2890301579263503,0.8881142692341607,-1.3858483139984707,0.7789861955834068,-1.234243937820947,0.5635065978474781,-1.1942565081768306,0.2260598716157143,-0.9741134094370566,0.9377009310116063,-1.0259046038706032,0.7550444025048405,-0.8985796207277259,0.5284074475088576,-0.9119106175293059,0.2795871355159406,-0.6237757279277248,0.915371634941418,-0.6818796213936104,0.7352831892630768,-0.5676692596778269,0.5122088282399299,-0.5816829943115235,0.36531503417286443,-0.29134851495217334,0.8415144773463239,-0.3639584557256291,0.709671314410564,-0.2904785648457298,0.5403845844572849,-0.2862051820927428
daumen_hoch,0.0,0.0,0.09959627179046174,-0.6202776335797051,0.31629662266770414,-1.2343972121239435,0.39497960087895734,-1.6914766078273906,0.35068286512465435,-2.0860862096479567,0.26200330966003893,-1.2780115051705472,0.9919639873402264,-1.378601666687556,0.8803859749982663,-1.2018860052992648,0.6518346913174418,-1.1596626346388355,0.27691028519136346,-0.9608957768432733,1.058607171275668,-1.0277503710151088,0.8820700313185803,-0.8852171411546338,0.6520797378318712,-0.8830248032995601,0.3560467302620591,-0.620471478204236,1.0458413317095185,-0.7165643447690824,0.8580136144251596,-0.5911351622896919,0.6193607335562171,-0.6006968349259351,0.46223795496602715,-0.30415118556309945,0.9705830249175159,-0.42329412141406547,0.8233757227769802,-0.3435823714101542,0.6247293326883083,-0.3299546956534489
daumen_hoch,0.0,0.0,0.23551648787416518,-0.5649141167052301,0.48654790183593555,-1.1282407723726144,0.6015816338437616,-1.55616340758341,0.5940353458251368,-1.9225787950581796,0.37643514881929524,-1.2259791839748728,1.0060867507455313,-1.1953211414857605,0.9033516032578921,-1.0513756385130821,0.6980281006781641,-1.0557955060370015,0.33290723327643584,-0.9429595823958886,1.0560171968916852,-0.8700283345109718,0.8974230361130379,-0.7526149132077352,0.6833456419916409,-0.7917380911446377,0.34844941467724994,-0.6229578472282604,0.9997884126978505,-0.5896326470024513,0.8334943040245344,-0.49209242659506247,0.6091568940457187,-0.535405089546201,0.39597592073750026,-0.3194732610827702,0.8935884066924313,-0.3084979542101913,0.772607436577159,-0.2539278811643233,0.5935805898512021,-0.2846830341197902
daumen_hoch,0.0,0.0,0.1558402142102497,-0.5448843185798621,0.40959304820693415,-1.0260812049084012,0.5429924333857499,-1.3877549066677861,0.5707939569678155,-1.7113922479308927,0.41655455387283646,-1.1662134841296479,1.0192410603739814,-1.1957674720821583,0.9163709346848407,-1.05515268604491,0.7112240043938071,-1.0353665836054788,0.4060506516246585,-0.9138505722026935,1.0618706025826223,-0.9068770267420012,0.9023072985498894,-0.8006075372326891,0.6984901395138153,-0.8145280442871775,0.4283146401502178,-0.6221615006432041,1.00006253413883,-0.6390686473524644,0.8400525055602112,-0.5497931837116169,0.6362673242190992,-0.5654869117427678,0.4702279590463945,-0.34469845797079257,0.8941094504365976,-0.35698810258221464,0.7418827157570633,-0.31647390415898746,0.5528109341961261,-0.34448636494577295
daumen_hoch,0.0,0.0,0.137146933450549,-0.6133961194423904,0.3088556914684448,-1.1546191053935977,0.3776535570478586,-1.5334699035893355,0.3659587324797581,-1.9224437012055935,0.2917701419757465,-1.230966240053498,0.8461684160187511,-1.2847364669903116,0.7275162203685492,-1.146402060531432,0.5249089047984749,-1.1190731676022623,0.3000405359077554,-0.9539264525172718,0.9225621371903456,-1.0129914941293776,0.7409123113510255,-0.8771923492521708,0.5298305443403468,-0.8955984224012292,0.34665291707028595,-0.6569432369460835,0.8704732646911354,-0.7542566633965512,0.6972560268372107,-0.6349273531938928,0.49218735478523606,-0.6371220716687699,0.41671097999368173,-0.3941224256426713,0.8015851243275404,-0.47120152671557114,0.6553848429903822,-0.3973753234545991,0.4788223930386844,-0.3914494976986767
daumen_hoch,0.0,0.0,0.13209594998047725,-0.5479602952529364,0.35310673255209896,-1.0964321342226295,0.4556173196390062,-1.5161979738153197,0.44218788352789895,-1.8921804719767392,0.36178857356766836,-1.1694016317512024,0.941054704189698,-1.2245796494792527,0.8450103710673483,-1.1024139418852492,0.6516491931535199,-1.1003590190339112,0.3673307416772632,-0.9300903860479538,1.017800557189752,-0.952149175268761,0.8713396701905055,-0.8513184145351488,0.6703869488179904,-0.8793878157571626,0.40687995201899163,-0.6604608670582015,0.9739987596452386,-0.7033106278710491,0.8205343644254208,-0.6013452962453187,0.6193264579495728,-0.6071872428416886,0.45979245517581285,-0.38775184422530057,0.892534115888234,-0.4338402795226734,0.7754737106019236,-0.37326390201249166,0.6079651733490066,-0.37257729192676786
daumen_hoch,0.0,0.0,0.16748683472225417,-0.6631249303368871,0.2030904172288914,-1.2906690127171274,0.15595530898956042,-1.7171387726527236,0.10998617663147084,-2.132414321161942,-0.11818121556980934,-1.3272907965300693,0.46770525245245803,-1.369597495062483,0.4022210633715601,-1.2071817422099635,0.2025068545384114,-1.1846853941058497,-0.17272165644079512,-0.9849706743839372,0.5132203324216975,-0.9804949056462504,0.3634599328600976,-0.8489936705037842,0.1321661568685855,-0.9031453250254985,-0.14621010581958352,-0.632207475016442,0.46999492816973426,-0.6512758872374756,0.31479356327338975,-0.5399886046467315,0.08333106626762421,-0.5807884367702408,-0.0825612846227297,-0.3134928404806893,0.4020873382376287,-0.3478945571704264,0.26585565630870855,-0.27767698369268246,0.04530599874264371,-0.29635507689815327
daumen_hoch,0.0,0.0,0.28148465691385793,-0.5751803040678224,0.5274209587455613,-1.0956062887509384,0.6316195691939398,-1.4804389547750103,0.6724013738773844,-1.849748721252748,0.3687925258897166,-1.2291587203566876,0.9711105741971723,-1.182880788228808,0.8814065185772504,-1.035614241624174,0.6827442069976974,-1.0416485591772024,0.2975104652766411,-0.9547185569846627,0.9852256579395221,-0.8633764012647375,0.8436221932227879,-0.7631332528167782,0.6322274929970488,-0.8090718214282495,0.28984061450807014,-0.6493793080099256,0.9111237677928486,-0.6092077801070124,0.7766158134466039,-0.5169535247753851,0.5708460127024115,-0.5554866317177376,0.31425585691657376,-0.36226921684692487,0.8078070960637589,-0.3359096664129604,0.7128011405902616,-0.28909996138763905,0.5487455653098632,-0.3243577237581386
daumen_hoch,0.0,0.0,0.2713920312980438,-0.5801403839678797,0.6511237243492055,-1.1544072393620703,0.8706817194064796,-1.6123089604395275,0.8797633310691572,-2.0230517045567296,0.5989431658367671,-1.176270210145988,1.2607095272478872,-1.1012775735779203,1.1589882494348733,-1.0142746378052674,0.9504213281988714,-1.0954820603775488,0.5519130578290624,-0.8339016588290096,1.354488313573046,-0.7288812401063098,1.1605490355231494,-0.6588678270503109,0.9073106551120167,-0.7380315340148222,0.5453607237142212,-0.4738917017373485,1.2699091192143857,-0.43058563125075794,1.0717247040255857,-0.36891364105476293,0.8193236726673322,-0.4271283057957867,0.5624159372896963,-0.13977674615765132,1.1258465530544446,-0.10288648288259608,0.9624979165396804,-0.0748720238436748,0.7375872532155453,-0.12629588109712397
daumen_hoch,0.0,0.0,0.24439765701764374,-0.5734107567424166,0.6151151321516656,-1.1388195277564104,0.8405807812359672,-1.5779512041322121,0.8957043866565256,-2.0038779635209294,0.5766797694722244,-1.1735796278619082,1.3282934579868546,-1.0408803886771179,1.1883770233690052,-0.9344727258063885,0.942904496972086,-0.9544895738628975,0.5428592380701727,-0.8398237003335114,1.3694823691246918,-0.7476397673794729,1.1750055601772686,-0.6642222052059079,0.9297143621925151,-0.7288508280270849,0.5362073606279825,-0.4954772196480346,1.2625500828108365,-0.4523640708780289,1.06088135310673,-0.3882960125535402,0.7977422916785064,-0.44161676835186453,0.541589939185014,-0.1643927558492531,1.0882151040352128,-0.12804035113206647,0.9180720114937689,-0.11175766260178997,0.6728262615509392,-0.17066991882333657
zeigefinger,0.0,0.0,0.23317416138343627,-0.2301722444334429,0.3364387055688054,-0.5073189027599225,0.20694820449650533,-0.7479244145621802,0.017335430760152457,-0.8832477531001949,0.25530503897038237,-1.0033920750069214,0.33412629630749163,-1.3722387003177219,0.38577347766947223,-1.6245124639621513,0.4129878638912161,-1.8399816408512149,0.026167240135011878,-0.9996575791458376,0.0347185343690417,-1.3934242197922657,0.03755681748688448,-1.635248150213107,0.03323266922839411,-1.870541741232319,-0.16677646683363945,-0.9106946134839254,-0.17749199796128765,-1.2116298852812728,-0.07704953916909396,-0.9566251944611848,-0.01108448952646246,-0.7526873739071126,-0.32119775104717,-0.7465708921946667,-0.3034134776551849,-0.9722467034799759,-0.18622284765455585,-0.8359766263416613,-0.11470621194725145,-0.6728072823524034
zeigefinger,0.0,0.0,0.21228943445901158,-0.30883083309012405,0.33388808994826363,-0.6042728070555172,0.3520185739469557,-0.8242443709278147,0.24273805419377045,-0.9978535507666587,0.09646529372151418,-1.0111794854062959,0.09495282906240832,-1.2107516931360998,0.09311177335518636,-1.3899456509181314,0.10126787258521114,-1.5528154750592031,-0.10517111736759034,-0.9944541397528861,0.06616573101337937,-1.000597575024414,0.1913307203676059,-0.7952617997392881,0.2586507237728217,-0.6347609242750043,-0.259753325397497,-0.8965742930971579,-0.028035945218620666,-0.8392582318909769,0.0698930324546964,-0.6216632605753764,0.09948216590315159,-0.45750680970080093,-0.3812676436854336,-0.7457362451910742,-0.17183131134943014,-0.7144581782770222,-0.08617974584145124,-0.552014569545052,-0.07748977373580926,-0.4073409755276465
zeigefinger,0.0,0.0,0.22826402426892065,-0.3104949092465221,0.3519177424636502,-0.6142184803503803,0.3865747418355538,-0.8423216253375233,0.29261994614860515,-1.056351374536961,0.09208462968634963,-1.0197510748595096,0.23392567985868415,-1.091006471688426,0.32025637602760915,-1.024154877066036,0.3400375258961332,-0.9781657029768169,-0.0742231844953795,-0.9972416552086886,0.14312274202021733,-1.0236326568464695,0.24419767022727887,-0.7518973912574448,0.26919155166205005,-0.5555501166366449,-0.2234646006839347,-0.9159005237230617,0.022169934011688732,-0.932432519191307,0.08738161225210439,-0.6483542713220997,0.0754911965452143,-0.4495464138547707,-0.3619826741138614,-0.7855926765429081,-0.13187891937135984,-0.8169955028903968,-0.056962112453060806,-0.6184763782019864,-0.06562506716722742,-0.449545766290366
zeigefinger,0.0,0.0,0.2271638406399246,-0.3215427160334325,0.34835463087242075,-0.6768259602154741,0.36306183843415935,-0.9401169359414289,0.26055776142125764,-1.1686979702860631,0.11487936457738965,-1.0127785264052291,0.11696897657461514,-1.2679382292193437,0.1466769885268439,-1.4620867440009364,0.1791252375474204,-1.6346306892094153,-0.0757752573257546,-0.9971249221522926,0.11012164609073191,-1.1252728698305383,0.23687374020413537,-0.8673751047394003,0.29373710279194754,-0.6756449579101905,-0.23787459729474056,-0.9256391235562287,-0.008648873246972567,-1.0056410878203434,0.08394033011942331,-0.7155450387864409,0.09925049857576462,-0.5001957520146109,-0.3865345424276246,-0.8090670463982591,-0.16687853451996906,-0.882282030637734,-0.07365991029786076,-0.6824705404808329,-0.07061447751369967,-0.5035129430979775
zeigefinger,0.0,0.0,0.20254519858243028,-0.34908114811415164,0.3114468516576509,-0.7055594228210047,0.31224598163645434,-0.9744398276510295,0.19332250964759415,-1.1827829312750662,0.047539442026913695,-1.013510790568965,0.038882719545092155,-1.2355519765921004,0.06042845798116506,-1.3929690432945223,0.07918008048172417,-1.5337219466935372,-0.12137736699023981,-0.9926064349894759,0.030186800681087728,-1.1297426250140465,0.17700765662629264,-0.9140485054945728,0.2452423305441099,-0.7512287028840007,-0.266484113857601,-0.9190204017298742,-0.07266423142581235,-1.0270264449463156,0.04542411951368862,-0.7790171978253561,0.08043601315755623,-0.5887690399298169,-0.40379618391016764,-0.7985050346164951,-0.2279371278103651,-0.8952788874587359,-0.11998479645876087,-0.7282766568666185,-0.09543769579539878,-0.5636583539020775
zeigefinger,0.0,0.0,0.1962237695193716,-0.3853866431011261,0.2874645800496216,-0.7531033139452216,0.27498397958922227,-1.0368551228648348,0.16893735878486552,-1.2415868664072487,0.0682576225497101,-1.0289150105034601,0.012589352971968556,-1.2758437660695374,0.012989841405726532,-1.44423608895839,0.01330345988011308,-1.591686408528231,-0.08619791978346006,-0.9962780327925554,0.0203808620532242,-1.2140218775782763,0.14226026394345334,-0.992997630711145,0.1850206573648644,-0.8221627622545588,-0.23064672191073024,-0.924688933152749,-0.08461398142545305,-1.0991392802712745,0.018995658770565308,-0.8463576022417061,0.030092753732527986,-0.6611494340416295,-0.37592649509344267,-0.8174789528707732,-0.25200267803559595,-0.984511114794245,-0.1660134913901261,-0.8333477647106954,-0.16699990402324927,-0.6834558663669142
zeigefinger,0.0,0.0,0.23421581228204558,-0.3219876974754802,0.3738896596093709,-0.7161124424974841,0.39339605459724725,-1.026356781107758,0.2676033916453336,-1.2732760051941312,0.15478987778532213,-1.017345444848923,0.10144082597272634,-1.3010277051165018,0.11382506986037984,-1.4954185510550355,0.12541170080318434,-1.6722386862617649,-0.029179151403569893,-0.9995741979079731,0.10678619227073419,-1.2075556442682005,0.2015236894708122,-0.9391659222001427,0.22289948979817842,-0.7246502432775207,-0.21047795221814622,-0.9352617918873527,-0.02691745418602048,-1.1034056439765858,0.04466235950627762,-0.8043148574054679,0.03330052927626733,-0.581112863834172,-0.40351680739354073,-0.8311735858277933,-0.2261199653602995,-0.9916417823318157,-0.13647036635919957,-0.7952958263721293,-0.139968892361967,-0.6106523950448547
zeigefinger,0.0,0.0,0.22657476713881092,-0.3310187784910917,0.3398440842377048,-0.7136370949171466,0.35114812860688344,-1.0091022387149777,0.2446972767286373,-1.2740081599117044,0.10855458151760776,-1.0222953849406782,0.04347000357228182,-1.3019457631090956,0.03924037395115525,-1.488558157869466,0.034821117146068996,-1.6551011508840483,-0.07002931903631042,-0.997544933562048,0.06775020783725669,-1.2070579240676746,0.18744967896815254,-0.9465249378116938,0.23110902669874633,-0.7434109213458808,-0.24457595306765614,-0.9292621657977005,-0.05822733821094313,-1.1014370449013118,0.03251436377542314,-0.8034260382314686,0.03888876175482801,-0.5820770566518093,-0.42993737446518804,-0.8209961760988652,-0.23919544682109467,-0.9730091099662578,-0.13356357682541276,-0.7749851682615237,-0.12271510940715019,-0.5905774489548618
zeigefinger,0.0,0.0,0.19444502724207818,-0.3341300670593225,0.30697767567046447,-0.7138570746712865,0.30972679050401947,-0.9960221272658691,0.18254892728811348,-1.2139766767104945,0.031084417737236525,-1.0243398626285383,-0.007068630943694012,-1.2925305067224173,-0.017329808834083537,-1.4865215841417359,-0.02523337709062428,-1.657938080468942,-0.15951327239313629,-0.9871957839914194,-0.020513959865074392,-1.1593054852202327,0.11996467650616659,-0.9140839675153667,0.18770456709049224,-0.7158457203138969,-0.32563650320462306,-0.8953739431474004,-0.14034849967781882,-1.0364616940770188,-0.02310501245949394,-0.7640269602244127,0.013760358280211611,-0.5524611094413343,-0.48180236051029424,-0.7599288407610074,-0.3022183778453174,-0.8946446848604883,-0.1894777479833343,-0.7064201185560273,-0.16464920004559977,-0.5254008906053208
zeigefinger,0.0,0.0,0.22874959350587615,-0.2970750473334184,0.32146340959052744,-0.7047255952023648,0.31695981663503203,-0.9992495404791122,0.18901017255504848,-1.2279811090263553,0.04826563707955726,-1.0269586020773167,0.012940551314386031,-1.3068709682923705,0.017079081816552256,-1.4761571359236902,0.008396618957797754,-1.6152587306443769,-0.1505295782089132,-0.9886055057930067,3.4680933066271893E-6,-1.172239175433843,0.1265226149499198,-0.8803409874854724,0.18216652927371305,-0.6381050742974831,-0.34336076819734485,-0.8989193807978476,-0.1380196180582289,-1.0593489964129814,-0.03252304890464312,-0.741341815599348,-0.003851408882622826,-0.4821602509214982,-0.5390683765211705,-0.7657693308045765,-0.330781446180528,-0.9316359128027552,-0.20974900546622574,-0.7308108590081611,-0.17943887388805077,-0.524872284164172
zeigefinger,0.0,0.0,0.21404984598456878,-0.3428650879463973,0.2958767330213343,-0.7514044977382143,0.25841839536550093,-1.0550998244440484,0.1053157832088354,-1.280900113493014,0.04912875251701876,-1.0387289659136216,0.025797628950091075,-1.319725115898577,0.05006606262597553,-1.4783327596735965,0.049459903702721256,-1.607759096899989,-0.13633874948918373,-0.9906622761505183,-0.0277631254272994,-1.2091050138985266,0.09286925654575652,-0.9452857139793142,0.14217462302848327,-0.7195429005959131,-0.3239615889540533,-0.8971162531585789,-0.1687483637804679,-1.0940716562402837,-0.062450641179315244,-0.8061154315356007,-0.033513166101799045,-0.5681378188995195,-0.5142149868607504,-0.7605277129043179,-0.36521427212100777,-0.9579139931609826,-0.2529246162263739,-0.7682834068952117,-0.2215610780800402,-0.5696720575682211
zeigefinger,0.0,0.0,0.24967952367568316,-0.34258514011127406,0.40120330848666436,-0.7224745297566056,0.41546913293718224,-1.0156352840487817,0.30309722358815483,-1.2388244167607527,0.2539783757896524,-1.0028473572946224,0.2431416284021774,-1.263637578887801,0.2725460057498982,-1.4352904862993991,0.29764064033678966,-1.578084985025702,0.08050532287475608,-0.9967541788168391,0.2136617548753758,-1.1829434924919384,0.26435125545578236,-0.9490045991269469,0.2646916343169683,-0.7670803119550184,-0.10136866427565774,-0.9545758110511952,0.06170677428362981,-1.094399718564232,0.10005717197157636,-0.8266245544879844,0.08282595359212569,-0.617251591722275,-0.29046850332411095,-0.875343401748423,-0.14749332253658046,-1.0393087353672428,-0.08268372912762256,-0.8825491336378565,-0.08708013559524513,-0.7133816702710039
zeigefinger,0.0,0.0,0.26192716794482673,-0.31234285058876593,0.42077707588759866,-0.626651068888127,0.508295345824671,-0.8716298547136652,0.4968543578774185,-1.1122053085120793,0.23312185690887996,-1.0017295684619518,0.2999475299195565,-1.308200377078149,0.386991291414401,-1.5074166100192827,0.464110850595718,-1.684603977382113,0.07550093329230255,-0.997145731110549,0.33805014748509693,-1.1589137540606533,0.4271687642910035,-0.9011853516594547,0.42148827898909813,-0.717083630159943,-0.07148840858183664,-0.9505327374862321,0.23320243381416392,-1.0579782170098095,0.2615724057368404,-0.7505803076813117,0.19169469591791966,-0.5667150010601506,-0.22628261229198238,-0.8682882446520567,0.05554705125798348,-0.9495897825217342,0.10539459211142507,-0.7378682750093889,0.03918704841582047,-0.5813582681702913
zeigefinger,0.0,0.0,0.16458806508296486,-0.4385640630567703,0.19727373289620198,-0.8143411012546993,0.1434388154904573,-1.094450507219513,0.033314302511450726,-1.3081224941668568,-0.046790106860933905,-1.0320690626303746,-0.15385809705735234,-1.2958010185646553,-0.2050063518393548,-1.4736413674407725,-0.2369804632684603,-1.626767373956859,-0.1878775773617102,-0.9821924536080975,-0.10558599812454486,-1.2045857166053422,0.04506641524773967,-1.058569214268908,0.1369587555994429,-0.9112187522430945,-0.3214879650970028,-0.8981791944672779,-0.20356842111301635,-1.101261076268127,-0.07011023637755663,-0.9191088733234051,-0.0016741348659888224,-0.7414555889014668,-0.4461592969581656,-0.784944627605484,-0.34728485251999663,-0.9811731056643426,-0.2331124855499483,-0.8699294443219614,-0.1823283992607761,-0.7180345795113249
zeigefinger,0.0,0.0,0.16715590906739816,-0.3653117335413301,0.20075196380243424,-0.7809865360791686,0.07116339811437765,-1.1153255410277063,-0.08850385276198883,-1.3864676394773796,0.17841054511303608,-1.0578986329778521,0.07614492861893461,-1.3832072356664615,-0.01044154893096331,-1.6257754390684138,-0.07730993393370679,-1.84244115394845,0.003622592585095826,-0.9999934383899539,-0.11774226402188266,-1.298464678585601,-0.0925390807645381,-1.1226324503342813,-0.023782521201500078,-0.9769636898533836,-0.16863124682643377,-0.9133773574206486,-0.2806023544424247,-1.1283267788183777,-0.21630141157590083,-0.8941841717625095,-0.1309483091427397,-0.7207122624034605,-0.32727174237049844,-0.7896325470003637,-0.41551379618534745,-0.9723535110861541,-0.3497728584176519,-0.8256025140345414,-0.2749375286858328,-0.6952874562681719
zeigefinger,0.0,0.0,0.26266274443430904,-0.2616465470219843,0.42743509791997586,-0.5712288155292979,0.515902725411407,-0.8164315156315118,0.5498555558671246,-1.0577665092894728,0.23348400192073088,-1.0090469830037558,0.31188350879013416,-1.3377583056448183,0.4143332955099979,-1.5526809024589119,0.5093695703850112,-1.7386162942836627,0.05490182838430893,-0.998491757221891,0.33623986448375237,-1.105588481429026,0.4447478672647775,-0.8162758249306589,0.45792595994767643,-0.6136191306297187,-0.10037137989607857,-0.9286992384452996,0.22205454815528625,-0.9680344665732816,0.2754513359396331,-0.6656608055806711,0.2378557821646613,-0.47316855523195767,-0.25414851214094797,-0.8089705281851673,0.03128779351173807,-0.8473646599968296,0.11383853404472112,-0.6472197817679954,0.09244524132527,-0.49277433209631494
zeigefinger,0.0,0.0,0.27246683423339735,-0.2565596596809552,0.4395863673304931,-0.5652322365100325,0.5280390778349785,-0.8134836671404144,0.5611948464566334,-1.0550476974415746,0.21074038015142163,-1.0184908695202952,0.28229229903652187,-1.3538289239746064,0.4023563674939996,-1.5641816512119702,0.5149832632723652,-1.7453913840122264,0.039398430474786285,-0.999223580424383,0.34702149015780565,-1.1089577610972938,0.48177113861662707,-0.8258744257862495,0.4989289064561523,-0.6275848079544927,-0.106198569062138,-0.9201128400746252,0.2388572992272795,-0.9557523777906567,0.30209095805250363,-0.6533381476656207,0.255696992880911,-0.4651224900947178,-0.24597202055280223,-0.7933951119555807,0.05716644844389875,-0.8270162282178936,0.13307738801704452,-0.6189812112754477,0.09071534143923128,-0.4605064019955386
zeigefinger,0.0,0.0,0.19746485611659745,-0.3819164899959746,0.2885695489682445,-0.7742382722307604,0.26752444263668934,-1.0873948339606168,0.12741525341499518,-1.3055074502209394,0.08746764650421845,-1.0385732763823061,0.012180356437923503,-1.329598306355846,0.014706360396373627,-1.519162095764495,0.012438565390625926,-1.6871666917173385,-0.07821773655414857,-0.9969362997144531,-0.009554318533430212,-1.246672269518389,0.09163324794815694,-1.0065757254064787,0.1200875221658996,-0.819837797092976,-0.2461794302281515,-0.923438706992998,-0.14266445947159917,-1.1320207896992334,-0.05425931283508965,-0.8648641333171988,-0.05429836718388732,-0.6683434332118855,-0.4245749972684065,-0.8129761731345434,-0.334762817388873,-1.0287858063229711,-0.2391461237439266,-0.8635770037766238,-0.23367939583741296,-0.6926728243042356
zeigefinger,0.0,0.0,0.18828438046308252,-0.3752922467756844,0.2172417314593456,-0.7842163960809171,0.08923383308233422,-1.0905711558517535,-0.04446010965946069,-1.3302756031809724,0.11441855825906878,-1.0660478393966955,0.0170259809201984,-1.4326502587544439,-0.04804211158563411,-1.6703344778077698,-0.09393418959681589,-1.8832897632203067,-0.07198080994854365,-0.9974060171260006,-0.13245696848185737,-1.2510277775599827,-0.06530210622644149,-1.0330474825662297,0.005876980415169229,-0.8433074098171002,-0.25330877098463056,-0.8980047092951977,-0.26507157626416944,-1.0873840325692932,-0.1795926801029629,-0.8269790998603003,-0.12090934344874774,-0.6191655512486111,-0.4308803383667803,-0.7661422959042962,-0.4328176889510482,-0.9722806017850807,-0.3419923752743546,-0.8108299680390667,-0.28801095591977416,-0.6473377232605633
zeigefinger,0.0,0.0,0.2010431771963632,-0.3494604030825777,0.2821054927650641,-0.7712324828015105,0.21898666921471524,-1.0917796663352453,0.04844927871797589,-1.2957432866556542,0.06720298272125376,-1.065850107414981,-0.00857208802929889,-1.480004066666922,-0.021732122204651327,-1.745020840029804,-0.02502858098980561,-1.97235187291755,-0.12964563595482487,-0.991560391039229,-0.1160255016977003,-1.246107883084334,-5.788256390658822E-4,-0.9824678636189533,0.07057931142676929,-0.7433663095960391,-0.3256147603727171,-0.8776107877220891,-0.25141437084483365,-1.0808217599641388,-0.1357529608561675,-0.7798588453712865,-0.09084848806310493,-0.5387811018774007,-0.5313238005743794,-0.727158369360672,-0.46657920783428347,-0.966151374302632,-0.34617216771264725,-0.7804988326610794,-0.300104904006938,-0.5891317369878115
zeigefinger,0.0,0.0,0.19468670048270342,-0.30792162391005395,0.28932572043064136,-0.6845888924141418,0.30026565808160705,-0.9831973370511871,0.2041198090212635,-1.237701072715572,-0.018757235711328632,-1.0401418423885984,-0.046871342768343996,-1.4451951239691927,-0.01815778843629437,-1.7046314358703922,0.013556883799023258,-1.9356388512740945,-0.19469645406612587,-0.9808635434014646,0.004461468204874797,-1.1840541743121986,0.1724941133530853,-0.9047476731627168,0.2282171316563782,-0.6853483780783932,-0.34351185266036977,-0.8692740893080244,-0.07846499094813421,-1.0093865047513308,0.025581459737108857,-0.7035092518318927,0.009867640632665951,-0.503725806379157,-0.48399460569464464,-0.7220526053924579,-0.2415933751093634,-0.8671085947355197,-0.14213359679170362,-0.6609280924003621,-0.16801871145760702,-0.49123893049212
zeigefinger,0.0,0.0,0.20997834559158654,-0.29358046233432156,0.34068839709958104,-0.6476425146312176,0.38700120462235676,-0.920627742416857,0.2900013202396392,-1.137174589628365,0.03325922555635548,-1.0353511472086137,0.03613123137877267,-1.408327368998855,0.09678248348834319,-1.6505048677177434,0.1576788463558376,-1.861914950359966,-0.14566871090034125,-0.9893334254257423,0.12552373732744074,-1.1202735174149934,0.26045735540592857,-0.8213481626985418,0.2839767097660193,-0.5994569092428607,-0.29096338725655985,-0.8865566664722966,0.030019116072891143,-0.95675761260935,0.0945826120052865,-0.6528252313908894,0.05927013417370822,-0.4602709452268246,-0.42376976286276813,-0.7394438341568647,-0.14336888945332352,-0.8463865037191025,-0.05557062432087047,-0.6456785172849016,-0.08051971041252437,-0.48124361728532844
zeigefinger,0.0,0.0,0.21087483115508232,-0.3339811645586481,0.3279238478582492,-0.72611320895052,0.30578190095875507,-1.0094258504747657,0.15652738499176874,-1.1948653098017266,0.11713496288983308,-1.0283230139176802,0.07083932757160627,-1.359114237795006,0.07141314190919085,-1.5778700774946723,0.08142068875390736,-1.7721936001043597,-0.07381469347235092,-0.9972719744520964,0.04215500578631157,-1.1911125524064798,0.12174311254651118,-0.9140325597413396,0.14961622635574068,-0.6961598486006617,-0.2567516847159568,-0.9224267019026516,-0.08894858637317181,-1.0617156751646282,-0.020678536237464372,-0.7701922659528764,-0.01494630347873987,-0.5461568159572416,-0.43794979178153276,-0.8055071374039787,-0.28784327489080763,-0.9583014347591178,-0.20473902921094078,-0.7757567728388621,-0.1951712904172706,-0.5971392799666144
zeigefinger,0.0,0.0,0.1891603558231316,-0.3775448037551102,0.2305649119328762,-0.7867818672636684,0.11978982618932836,-1.0945035876522544,-0.04747571819488281,-1.3210893455322215,0.09181563179683502,-1.06302441077879,7.843317439935148E-4,-1.396027940401399,-0.044260039238271716,-1.6102160958477512,-0.08512800607129613,-1.7906611322534385,-0.09153662973106923,-0.9958017098888098,-0.14333094265145255,-1.2761302787464919,-0.05528219396516609,-1.0462381078805232,0.018518673309528038,-0.8358268578997556,-0.27058409947306705,-0.893354262377425,-0.27924585003716934,-1.1154979602670665,-0.17429448838809508,-0.8571645786369706,-0.10903266760419991,-0.642624270619614,-0.44738250199885155,-0.7525192159796329,-0.45298010146526907,-0.984938694936059,-0.3521227322966827,-0.830584684127886,-0.2915504602398792,-0.6616088946326455
zeigefinger,0.0,0.0,0.22845566966973507,-0.3462116413113695,0.35043538618874875,-0.7622818962704311,0.3176461681856198,-1.0827386141156787,0.14168306758147584,-1.290517863562403,0.1568482343654393,-1.0415506167436068,0.10288128508527938,-1.3882065423158465,0.109792813609255,-1.6094199330115777,0.11560479427780485,-1.8026381308886665,-0.025402367198053156,-0.9996773078052414,0.031879957467902065,-1.2567194396287606,0.11715085400320813,-0.9822086941993496,0.1513588114956448,-0.7562123049842135,-0.21522337455707338,-0.9230767609402858,-0.12373923069933306,-1.1391397956235851,-0.04265346715021088,-0.8358047783925661,-0.024269058689043718,-0.604519055107907,-0.41530088827578104,-0.8063208372806121,-0.3285095742710194,-1.03956388643433,-0.24134421994590854,-0.8436227953159905,-0.2247807086715765,-0.6448423441269004
zeigefinger,0.0,0.0,0.20467814677086005,-0.3828689454715398,0.30179792484487544,-0.7142949216689947,0.33722193426097047,-0.9746593452120673,0.2788825511231752,-1.195478491184178,0.03809953403072665,-1.0274439999870517,0.0032268267224958803,-1.2610069864498301,0.006828598660336918,-1.4431236642535088,0.019030291161501973,-1.6155502348863973,-0.0999671759313563,-0.9949907355027529,0.1107260672874737,-1.1332408080601828,0.2470419119988268,-0.9477223244297118,0.2905060396176172,-0.8113849955630201,-0.212315483765641,-0.9192978528229526,0.03265059178061593,-1.0371478792019844,0.12665105731819978,-0.8117415391322709,0.12057888774452581,-0.6529202010193307,-0.3167908761713878,-0.8091811882721286,-0.1063985979460411,-0.9254245734693126,-0.023214563937133843,-0.7858612585644643,-0.037703384888155944,-0.647406526075091
zeigefinger,0.0,0.0,0.2507172584055276,-0.36247422833183846,0.3484676608141603,-0.6649744526296222,0.4097476296606963,-0.9047659421425751,0.4263901396762493,-1.1184076337603484,-0.04492181715323008,-1.052784822080176,-0.0028588561159046725,-1.3040186662424964,0.06139729644984749,-1.5035496830617752,0.1258646210450362,-1.6800781774245919,-0.17047797872048565,-0.9853614863446702,0.222134523899467,-1.1038282444562992,0.40145630246143943,-0.8932816973895423,0.44946827619759916,-0.7293325716226315,-0.22448628464033674,-0.855767321834098,0.19266825692241935,-0.9394037167752933,0.30022067874089353,-0.7045408694276347,0.2819285196692989,-0.5418760792310596,-0.2395356464772894,-0.6894978639393942,0.08823697888684649,-0.7824425135911672,0.17532186956961812,-0.6311515265887515,0.15126591473805118,-0.4961639560546205
zeigefinger,0.0,0.0,0.22444054604282146,-0.32588402762620433,0.35940885829638425,-0.6659353166052003,0.4016526049216323,-0.9251181053024888,0.3235783122200966,-1.1359803748089756,0.11653867142131978,-1.013076795011504,0.100312501357685,-1.242542489787917,0.11121925489425687,-1.416379172863651,0.1268515435397265,-1.5759897174433497,-0.0510120778269109,-0.998698036403287,0.15576449416817642,-1.1085739602803433,0.25817247151918454,-0.8845085658050783,0.28437387279813003,-0.7393589158349535,-0.1997466691686253,-0.9324508786676248,0.05371913488127034,-0.9991572837359574,0.11120703585146255,-0.7462313187936329,0.08981167161041269,-0.5801486515987787,-0.34368843082017025,-0.8212131155173706,-0.10719811166409055,-0.8886104805019512,-0.039548728921877135,-0.7208828246709116,-0.06539137551054526,-0.5757544681797739
zeigefinger,0.0,0.0,0.18780270211251524,-0.33537352359497014,0.2857617845086925,-0.7375129913264221,0.21794472799262388,-1.03685280499763,0.035669735037793686,-1.2074996342504907,0.07558600725595081,-1.044169190737789,0.0013790822027115366,-1.3780537038659701,-0.011164610781160673,-1.6011153203060382,-0.01360814783906323,-1.7965912641962545,-0.12428192274101113,-0.9922469469238983,-0.06696176458726169,-1.1803117403862422,0.034243365531837724,-0.9009425223417727,0.08506161759591623,-0.68005263907239,-0.3110910028467637,-0.8926603768233188,-0.20520482213221874,-1.0344664639932368,-0.11013114819189615,-0.7384632502874711,-0.08355509512989656,-0.5077216165938092,-0.4974561513193606,-0.7504251720924232,-0.41048871805368026,-0.9354476358509054,-0.30819264434105786,-0.7563384395524954,-0.2749598732298029,-0.5767597058405421
zeigefinger,0.0,0.0,0.21638002817900237,-0.3164700620906314,0.2997612730919323,-0.6977104812403818,0.2854154324901114,-0.982913715657268,0.17118514440465787,-1.2126291195500323,-0.03550712592940523,-1.0154871920560158,-0.12421610604503672,-1.3025742092837986,-0.12419019554346396,-1.5099692796363835,-0.11923592894963865,-1.6870845449003506,-0.21650958068686615,-0.9762804932348067,-0.017504241396982693,-1.1523979696535103,0.15821202430685022,-0.8963930114192916,0.22584790414680184,-0.7007911505308254,-0.36182925418357004,-0.8885484730483039,-0.09611098498906794,-1.011356879412204,0.019663211603893328,-0.7167274491964277,0.01847168591777513,-0.5150757542303943,-0.4985293972725893,-0.7592883964660658,-0.24456529309673242,-0.8723099149798718,-0.13686123493155614,-0.6714589438589937,-0.14820574598568031,-0.4966418619062926
zeigefinger,0.0,0.0,0.2995161166992364,-0.2604457409401877,0.4581335031348046,-0.5780315143774175,0.5420703302294534,-0.8462883785592665,0.561172694283456,-1.0887849375943959,0.0650217248406906,-1.0546184225695188,0.1429672813002194,-1.4126660284120396,0.2505907889094688,-1.6586219263378195,0.36212723791492,-1.8740368314460134,-0.10692593434228541,-0.9942669885725007,0.3326972472176722,-1.064956011909515,0.48873134328454704,-0.7758750820795592,0.5019632805251334,-0.5769664282969671,-0.19629778150344881,-0.8575506537532759,0.2732582301981127,-0.885055906786519,0.352594044090386,-0.5967405364041345,0.29638201834627403,-0.43557592825199964,-0.24526148412514673,-0.6721918210353851,0.13635509481480396,-0.7289708902695827,0.21404051419249748,-0.5283459774772228,0.15949650217666408,-0.3798562257723398
zeigefinger,0.0,0.0,0.27640812616370014,-0.3019299347152436,0.34838249879790084,-0.8050715195160374,0.24166913460846512,-1.2658016196583046,0.15879258121884376,-1.5845957522811769,0.0027932401720238407,-1.007104634150078,0.12280610592126029,-1.5550914049123916,0.21912341674803393,-2.082519816615552,0.3154611101342912,-2.4693487404845276,-0.15024328254799874,-0.9886490560604416,-0.045120824527559694,-1.65917660396097,0.08690388643642592,-2.069264813027182,0.23728854336502897,-2.3239400943931128,-0.1744206716963938,-1.0049625693522544,-0.05108082712446975,-1.6961714826883545,0.058228587824311166,-2.098988569168548,0.13194270671303995,-2.333860653453868,-0.1140936282712936,-1.0455935426372855,-0.02956549504723601,-1.6949524397266809,-0.021247870235637803,-2.035761217882509,-0.013128382862740706,-2.296068662596446
zeigefinger,0.0,0.0,0.17818367985318623,-0.34657571329704767,0.21981760904261888,-0.7622384854575196,0.10731422796451877,-1.083612810522999,-0.057246421302734135,-1.344951201343636,0.09577185541110997,-1.0782496951921408,0.002588973163858289,-1.4723096911582232,-0.06199316341103045,-1.728482653322511,-0.11035507107219014,-1.9529119864796205,-0.08836314180901059,-0.9960883269919595,-0.1491463836048437,-1.2656333237239021,-0.07792520314330148,-0.9992642684173033,-0.005215679267279581,-0.7869510933221058,-0.2740867266290984,-0.8777952530182958,-0.29719326842035015,-1.0880944967234112,-0.20173653960259336,-0.8078314944936895,-0.12723331310091435,-0.5959785173207918,-0.4545110439533923,-0.7185164955880188,-0.4681668723805262,-0.9385606050825649,-0.3677019440558117,-0.7643078338896302,-0.29980845929425903,-0.5999547671972484
zeigefinger,0.0,0.0,0.2046672648743192,-0.447784656982665,0.23708427701132145,-0.8428563516983437,0.1360800383453319,-1.1575290072835778,-0.014502257184987249,-1.411931629679047,0.15608809621237577,-1.050139841298858,0.1179074829909016,-1.3518665846666824,0.10015974796273888,-1.5588303230042715,0.08358438374226959,-1.7427334657046496,-0.021207087235739136,-0.9997751044364807,-0.06478626101887626,-1.282352973142882,-0.025428631937412884,-1.1463859812333135,0.02211206459823256,-1.0071846697040192,-0.19800716869676352,-0.9231820292963347,-0.2305304111601821,-1.1633481975265023,-0.14150778195294003,-0.9226815754011642,-0.06866457674765165,-0.7027952005973431,-0.37806201810555495,-0.8199844171321617,-0.38969433982754,-1.0642209134158962,-0.30713358424010145,-0.9097196579492137,-0.24984524546178108,-0.7256300757245567
zeigefinger,0.0,0.0,0.26919584519958173,-0.3313768542905071,0.41986257012269335,-0.7125620000940216,0.4588958579709333,-1.007341531725346,0.3455983395680646,-1.2595589692881533,0.18901276549739401,-1.0203726648314275,0.21443474935484874,-1.2474123723832236,0.28509736899777693,-1.3347566956122632,0.3214275446790287,-1.3990455501185715,0.021451544197672503,-0.9997698891502661,0.18816576496529488,-1.2100819255212414,0.2824388644374889,-0.9555088980607177,0.29803176162347417,-0.7465790175034424,-0.15376640959356822,-0.9509697114155086,0.06684993859220746,-1.1206752258092583,0.11502869247265039,-0.8149827877290383,0.07022071420582145,-0.5931258584813153,-0.34816509027066866,-0.8664844456451731,-0.12288380188177106,-1.0315086546467573,-0.057279974969414865,-0.8240399452065138,-0.1014944544690504,-0.6281813627345235
zeigefinger,0.0,0.0,0.32385574120591387,-0.27597486739987825,0.49277868794333346,-0.5602732048895438,0.5963657252572265,-0.7985507684276274,0.6528002196102061,-1.0571309461301093,0.21963006467416754,-1.0002443363122955,0.38983777866277425,-1.1469311612233026,0.5176854432811095,-1.0388529245229905,0.5764573188565619,-0.9442409713249543,0.09567466836229574,-0.9954126570592544,0.47557844621068557,-1.0437742083240504,0.5754336151962016,-0.7674809791869932,0.5613462824845268,-0.581596910336809,-0.006945789279089765,-0.942630179362608,0.4007336568701784,-0.9540173586972452,0.412547698687215,-0.6567604968107442,0.325082339518251,-0.47965358094167754,-0.09417934348515156,-0.8423087880737941,0.25198906220772743,-0.8395082323217655,0.26909308136937343,-0.6316352596352814,0.18072087889324776,-0.48725856014156754
zeigefinger,0.0,0.0,0.36245655424776735,-0.2790016519104836,0.5890309983508256,-0.6958511626637572,0.6570652909874459,-1.1007187510417364,0.7373166891000057,-1.386197846949577,0.4125432723657794,-0.9628363907186995,0.6965485939703399,-1.4786874812024489,0.8251801404426785,-1.9790243662744151,0.9287996657057164,-2.3192341511708707,0.21949388080394588,-0.9756138766385106,0.5084752947948425,-1.5541894938871113,0.6736978696412806,-2.086142090931691,0.8225179154962916,-2.3571667081224943,0.12597934963785742,-0.9889180771979387,0.43711704120834544,-1.5004662719981623,0.5614572720787638,-1.8877039621168308,0.5992217089281116,-2.0588595977428894,0.10605599830926248,-1.01406870123965,0.2793553816197277,-1.4867105676384098,0.312080692236475,-1.813864825274241,0.3084776155052238,-2.054691842805521
zeigefinger,0.0,0.0,0.22462782922858088,-0.3841872113318591,0.3383463687058653,-0.7726074494331489,0.33158446433659966,-1.0824621854896845,0.17770222289759846,-1.2918792839002844,0.14914395250701776,-1.043895025085765,0.10678298209044734,-1.3259592562535127,0.12607070864075162,-1.5027183823478933,0.13743111076924283,-1.6522367649188079,-0.017622375354504023,-0.999844713886544,0.044841375229806614,-1.2476388823739832,0.1336816271948464,-0.9933213232696675,0.17091287365119529,-0.7765807370955694,-0.19457420792432503,-0.9245673648015695,-0.10134060372053352,-1.1341567834749158,-0.018748306375198903,-0.8565258871906706,-0.002205857319281573,-0.6315981387651698,-0.38112088800851124,-0.8164342527120846,-0.3202773724011094,-1.0671670468661187,-0.22712600410615072,-0.9131590822219572,-0.19942188147453996,-0.7306028675290474
zeigefinger,0.0,0.0,0.22451043423928863,-0.4452983465727842,0.30541575407748417,-0.8354147775759622,0.2671607347361788,-1.1742081207553752,0.18429778358561957,-1.465134132970353,0.24683961994492776,-1.0060159795635228,0.20805721443078515,-1.2873834394561532,0.18799543252459894,-1.4722380901214909,0.1678543742301621,-1.6191227572220908,0.09081903037990571,-0.9958674127216203,0.10701598926338907,-1.3007757979143004,0.12445501095978895,-1.1832875959539757,0.14101594756082794,-1.063060394779592,-0.07214656717781155,-0.96769927328261,-0.051595848147089673,-1.2282988959361971,-0.01549486737003884,-1.0156171429445549,0.005741096941624299,-0.8185429784374955,-0.2552474754918175,-0.915976483818834,-0.22646301168190128,-1.1726804647537858,-0.18650563099839923,-1.0391184300504794,-0.17215838844377337,-0.8594351268339576
zeigefinger,0.0,0.0,0.12146883037971716,-0.46151853541745147,0.1874006835264664,-0.8518862520905611,0.19506744774549975,-1.2061069929684634,0.1510441787505638,-1.5260720646396555,0.2812365939684987,-0.9988287850871717,0.272109680967249,-1.3147419212005043,0.2564391718489692,-1.5380855216796943,0.23597067090326138,-1.729675858425688,0.14610320708934105,-0.9892693530470906,0.1571950340688416,-1.349583021235855,0.1485972876174898,-1.3724495601908897,0.16563528087252943,-1.384600123598349,0.022043598254388255,-0.9566591114974897,-0.0038005612802499444,-1.2578666002905556,0.006584231429455617,-1.130088003296326,0.049531320053381594,-1.0035177270625197,-0.11456869216656677,-0.9003014622847926,-0.14573890092608247,-1.1474920168593172,-0.14567840170162766,-1.1025277832600278,-0.1206042964622582,-1.0124948036512031
zeigefinger,0.0,0.0,0.05150337354228453,-0.520671977406439,0.09788116006602,-0.9084990415925732,0.10684069601468094,-1.2260557420759273,0.04889346454957537,-1.5491328156149637,0.2539486051850602,-1.0466185358573623,0.25169219601698545,-1.393260891730245,0.2310174298740114,-1.6259333264942786,0.19519436731243076,-1.8126235495950709,0.10772268075112124,-0.9941809815379653,0.08914067635362269,-1.383295940244046,0.0552497229697109,-1.5119400348221372,0.039610484283306456,-1.584131143298239,-0.035788300854165775,-0.9250322444345886,-0.08819579966653639,-1.2668660400605458,-0.09709447588744634,-1.3168541775163907,-0.07814356955495112,-1.3415060573444761,-0.18991850275874966,-0.8282038827872907,-0.2513816937504458,-1.0893300853193753,-0.279006234358002,-1.1830883999268909,-0.279947153558398,-1.2471634786546413
zeigefinger,0.0,0.0,0.25095163705092727,-0.42238274611173054,0.36260085910232503,-0.7953218562483675,0.3475900258409187,-1.151744509250826,0.28824187284697506,-1.4478059180224863,0.3848396203416374,-0.970468338080488,0.365336271070719,-1.2795220057292218,0.33806576744893974,-1.5004467988674408,0.30366203590105,-1.6891879155221168,0.20384438941736008,-0.9790033017835351,0.1892809020885115,-1.3077300787549686,0.1596596203842758,-1.294977705609715,0.15082956976418616,-1.2411654220706816,0.025433575409691857,-0.9511202618924418,-0.016484031603096323,-1.2062598969218505,-0.004582062978406986,-1.0192387189132222,0.031865984061323606,-0.8272804013459429,-0.16488309634183596,-0.8930671855821908,-0.1888285003010324,-1.1301148813015538,-0.16993447877611262,-1.0199443995866637,-0.1419151252581021,-0.8636037048882879
zeigefinger,0.0,0.0,0.29056368203695243,-0.33671317212870244,0.459386470924082,-0.726343711053496,0.49366901484028647,-1.0430703971961557,0.3732282500711323,-1.289019205303582,0.27247107330964493,-1.0138341928789731,0.24873010569011944,-1.3185057211445614,0.2747823914060035,-1.5053613136183817,0.2966679176845042,-1.6644589309161741,0.10133371552714643,-0.994852490622335,0.2306623560140676,-1.2363085510798548,0.30173151520180164,-0.9882061364339397,0.31556098786224246,-0.7830212961872056,-0.08112569714972175,-0.9491331099231749,0.08881182896275097,-1.1494984972194622,0.13204573478915985,-0.8547213972181543,0.10924635154180853,-0.6306083494808497,-0.287288310810554,-0.8696160802248982,-0.11829437691670305,-1.073104911699718,-0.04061433549448067,-0.8837571515316546,-0.048017169734931496,-0.6894549824483472
zeigefinger,0.0,0.0,0.47432213677290563,-0.892928905347505,0.7968543037360567,-1.0006230531059406,0.7844932505017672,-0.9958587616625555,0.8092578526981565,-0.8322432715148963,0.11918360494273839,-0.9402795532451923,0.12731850140928125,-0.6480442384315305,0.19727254020329124,-0.5726988793939956,0.2817297638171303,-0.40683198293214173,-0.5730336416579705,-0.8195318453411096,-0.5784782983761961,-0.6110321940282629,-0.025167877980711496,-0.620627555915878,0.4994332092399115,-0.60281620877498,-0.9283634042632841,-0.9142227340194695,-0.9285134402002471,-0.9132388278316984,-0.4827237156129519,-0.6342708526923619,-0.27095232688858784,-0.15707982066238552,-1.061442244940239,-1.287771022218884,-1.15724756239893,-1.2384525619456543,-1.3021484543747845,-1.0226276011440385,-1.5053491486076125,-0.9110880236486466
zeigefinger,0.0,0.0,0.19435355261574755,-0.40797001850549414,0.28774070188505907,-0.780272174409562,0.3062874569156292,-1.0586686641838872,0.19809773499791553,-1.28900859690104,0.08327004454851807,-1.0307764108730624,0.035637851979279114,-1.2573781395145227,0.03590108800782696,-1.3974848011704886,0.03220825713466631,-1.5014394050364335,-0.058564538222455095,-0.9982836244588962,0.038656825295465866,-1.216958785616764,0.1428039735022342,-1.0308523901465936,0.18743529440039103,-0.8578679248486769,-0.21073134947551778,-0.9388121938166992,-0.07634044898701707,-1.1341991121883803,1.4185973453048696E-4,-0.9037153904824158,0.005533672908485073,-0.7081704638033347,-0.3767339149847628,-0.8522636555242838,-0.25025829226961827,-1.0579693214160422,-0.1675916994057987,-0.9060732250291101,-0.16355350819840503,-0.7272714149895555
zeigefinger,0.0,0.0,0.144737756598541,-0.4515434630795513,0.18604367830210586,-0.8218939254077692,0.1491156316092242,-1.1125406415172523,0.04385369975121975,-1.32545774425225,0.0222263935223974,-1.0357458082653546,-0.05864692405185386,-1.3308080781523253,-0.10221143034527296,-1.525997372091995,-0.12957753397117044,-1.707642806415436,-0.10654117442785958,-0.9943082913018138,-0.058180400755154994,-1.2397305449462248,0.044338578062870705,-1.084097557389041,0.10313162842820423,-0.9461123558606095,-0.24035769712990912,-0.92567980814671,-0.15840153564579004,-1.1434269820801966,-0.06926081342020315,-0.9486761945463474,-0.03548279321001542,-0.7852783218582942,-0.37821568820749224,-0.8351435949232381,-0.3099704169756659,-1.0553138347750108,-0.23184678261354247,-0.932294649618526,-0.21120921957985875,-0.7824677611799086
zeigefinger,0.0,0.0,0.1483871015759546,-0.4789346091805785,0.17218287700009127,-0.8775813498199835,0.09705141042524888,-1.2059758496756239,-0.02669186743976778,-1.4776722422865358,0.11123573472547922,-1.0310313769297934,0.05455872194484953,-1.3005750667719256,0.022318552976820758,-1.4665724115228564,-0.01590126118776172,-1.6079900927732316,-0.04122803723515746,-0.9991497630214083,-0.06895266930518347,-1.2836924301182522,-0.04076080756287999,-1.161749857036754,-0.016037892319080458,-1.0650645245161767,-0.19588969986477564,-0.9440012601923731,-0.22882502037741567,-1.1993201141971988,-0.17486822769487137,-1.0078016447639773,-0.12981401048244953,-0.8454503637649282,-0.3641867224277185,-0.8622642273826365,-0.3942420132154628,-1.1214379295038872,-0.35718529188824466,-1.0180244795365077,-0.33230216037736304,-0.8801891338829212
offene_hand,0.0,0.0,0.2978312678415913,-0.26172261558313276,0.48112075324809,-0.6053857164785752,0.5889556336951004,-0.885597243962167,0.7580044648914563,-1.086102646140014,0.2996268472335749,-0.9806781226828553,0.36972230676449197,-1.3534030517090796,0.39772819960492534,-1.6011681417036199,0.4156990949608276,-1.807557586562926,0.10930792299462361,-0.9940079365732457,0.16858907636501627,-1.381232108597556,0.1987384409393958,-1.6317692676022857,0.22860833572781505,-1.8469927175552916,-0.08781596934809706,-0.9391061996619637,-0.058966726556502064,-1.3154643291244128,-0.04744777993164351,-1.5367633833588505,-0.02212919696101104,-1.723289143801768,-0.28899040243116,-0.8221819326406227,-0.3201579020963528,-1.1220618221470426,-0.32213889356447883,-1.3019620605628996,-0.3097940288930532,-1.4570171739944124
offene_hand,0.0,0.0,0.2965465319113633,-0.2766767493090467,0.48032067963663977,-0.6145364527036318,0.6064200513837176,-0.8790892445076733,0.7901519875280821,-1.0544444431757414,0.28676494025784666,-0.9906153506117957,0.3427263783179654,-1.378688650391586,0.3648689907300007,-1.629248915568185,0.38683748037077487,-1.8455922836353593,0.08903270414803675,-0.996028703196895,0.12436115914738917,-1.4093435390280018,0.14933891992914647,-1.6717433517609848,0.18106751854386618,-1.8934375500423684,-0.1021588098105814,-0.9254876866011399,-0.10240350506867936,-1.3176727995175364,-0.10468594555083773,-1.544924286692703,-0.08677787079357294,-1.7443389911464942,-0.2821343863651917,-0.7891523833720708,-0.3286975290020373,-1.087995771774252,-0.3436065086244317,-1.2705374920925507,-0.34016400344542996,-1.4312559664128774
offene_hand,0.0,0.0,0.22485916532942607,-0.3283005796457878,0.33189264031184307,-0.7305648383755697,0.4001347539279743,-1.0277164976323423,0.5284699249096687,-1.2413055750661306,0.011078274085099302,-1.036757947594732,-0.029008857028829424,-1.4427742584793286,-0.06064953249786917,-1.7010300217536491,-0.08725866384195109,-1.9291381434840518,-0.19750624220625349,-0.9803016292394728,-0.28584549628667577,-1.4109653793094574,-0.33718150041505623,-1.6795482192342575,-0.37640683808357434,-1.914082030294373,-0.3756007703629379,-0.8553303367455479,-0.49123155150485176,-1.24025993561118,-0.5542310475928894,-1.4642162953170503,-0.5902139301949879,-1.668398332704602,-0.5251058508930403,-0.6718247429488651,-0.6465504871241974,-0.958966986627478,-0.6951867265339148,-1.136994546150004,-0.7296086044913314,-1.303952337092791
offene_hand,0.0,0.0,0.3102151763353777,-0.27154725822289755,0.5031479973706194,-0.6285972156263292,0.6210828806877475,-0.8976731140689481,0.7526570865174662,-1.074877346142674,0.21166109579554732,-0.9972822046068931,0.23960221229554976,-1.355899716208561,0.24308296988206612,-1.590576381933795,0.2565823541899781,-1.7785738383744196,0.0031798995688957703,-0.9999949441065848,-0.005628726926387251,-1.3837785264544595,-0.012680827912487645,-1.6319912714959706,-0.003746311767624149,-1.8289113720831416,-0.20251968274832982,-0.926516895846196,-0.2466462855358798,-1.3004201020262542,-0.2822081958303049,-1.523893797661911,-0.28061952318722955,-1.694881042370612,-0.39293471079196207,-0.7832812033680565,-0.4967718690681359,-1.0972070227370105,-0.5383736545865273,-1.3078760989714253,-0.5481172397909048,-1.4903237717867537
offene_hand,0.0,0.0,0.2613882715161525,-0.2846767538588986,0.4300148681398234,-0.6431899889014231,0.5535842739232839,-0.9154390303422034,0.7271971626863846,-1.0813491373468918,0.2615114760252734,-0.9939303967429453,0.28417884160840845,-1.3759161661935257,0.28448977733739966,-1.6284271330265472,0.2870734872116751,-1.8322218188228172,0.07498758487450896,-0.9971844674455616,0.07278877116961588,-1.404919507615932,0.06907603253181889,-1.6631562059020255,0.07615982011978961,-1.8718404615765332,-0.10982832952462133,-0.9261843314160166,-0.12517908307222786,-1.309643979617172,-0.15348187573143965,-1.5296370218811144,-0.16033397091940965,-1.7109379757843866,-0.28788610868301323,-0.7865758871702895,-0.3441749093600677,-1.0748201945677989,-0.37842934771294695,-1.2388553949748426,-0.3979378289255506,-1.3772982547546866
offene_hand,0.0,0.0,0.2122760635457624,-0.36439234414018595,0.34824136993578253,-0.7442408600219064,0.4370614008074312,-1.0299549125655467,0.578093757166244,-1.215119957545732,0.19026383120915932,-0.9974462776361239,0.17894082400308942,-1.2946874774606107,0.15458284348452953,-1.4895310207769827,0.135771210629387,-1.6519421987535468,0.01857151244378592,-0.9998275345906164,-0.016654321665287283,-1.3083695781110911,-0.05610320041666831,-1.5007496944382517,-0.08269450824902433,-1.663730362627463,-0.15736893817105196,-0.9454794483904214,-0.20786392172169102,-1.250219601116551,-0.27171520232460483,-1.417657421917862,-0.3094945557335526,-1.571731565689605,-0.3298105722028152,-0.8398927221417292,-0.4074995224344233,-1.0893333610518878,-0.45527424163912394,-1.2307019425742853,-0.4919244821004042,-1.3559193376884593
offene_hand,0.0,0.0,0.27047971309969965,-0.3150689562470401,0.44827709570302626,-0.691110845022375,0.5730289430819357,-0.9707505451251993,0.7372819913035125,-1.1278408032760388,0.27679757201585603,-0.9816321415111979,0.29570104193714075,-1.3203934511886883,0.30138548935850945,-1.5309689224101155,0.3099891375819429,-1.691473963224157,0.10248452637615744,-0.9947345987013092,0.1193779857871106,-1.3576754646422726,0.11916627487988539,-1.5699011621425794,0.1317210950484616,-1.7467444471665459,-0.07506805951420775,-0.9524187137781659,-0.07437698691867178,-1.2985353040667025,-0.11117461843885543,-1.4817156803267062,-0.12550612725072186,-1.6423022762175317,-0.25267123035033723,-0.8558918317799907,-0.2965465468340176,-1.138820987713234,-0.33612682848981723,-1.3001253352163598,-0.3598891306685219,-1.4409635300313197
offene_hand,0.0,0.0,0.28437762717012033,-0.26983145892644894,0.4657103626894809,-0.5845918329967181,0.5957939180006643,-0.8370887882127255,0.750308141610317,-1.005914253348896,0.29748839079658673,-0.956184044207969,0.3754293317554493,-1.2978207473395689,0.4146218543028231,-1.5238686360687088,0.4503350860397904,-1.7171933590782507,0.13392837214015005,-0.9909910146595122,0.21247446911986242,-1.34976283071654,0.26081207828911646,-1.581159542343736,0.3113785695335935,-1.7713798121158424,-0.034737703888629186,-0.9582754383318386,-0.014292475893903919,-1.322472327515645,8.181815819654482E-4,-1.5222659322736563,0.03091103508917773,-1.6851356963284339,-0.20215508146772893,-0.8702411524549613,-0.25041021686934317,-1.153899081983391,-0.25904848888685644,-1.3285945320170467,-0.2527237580770167,-1.4753833722509384
offene_hand,0.0,0.0,0.2275963858303991,-0.3321551675097443,0.2838168820022966,-0.713694788009327,0.24349564864584697,-1.0090434820156011,0.19899089132147652,-1.262031417432982,0.0619695947364695,-1.021170239105411,-0.011317517176913683,-1.3713958370066774,-0.04547997068175741,-1.591255644797971,-0.06906176034552741,-1.769347573967828,-0.08568412495711063,-0.9963223528207796,-0.13823725738402856,-1.3736599707209634,-0.16537849940481816,-1.6098181702179515,-0.17147253242364807,-1.8144803719889953,-0.23110484289434732,-0.9218904252269857,-0.2807925937321157,-1.2923765294629426,-0.3094507069797692,-1.505457162418664,-0.2999262377854542,-1.6833197918262064,-0.37675561263122614,-0.7912533764466585,-0.4452654969493016,-1.0931636080733182,-0.4732420495103442,-1.2838774094478542,-0.47060977561854883,-1.4452676758479182
offene_hand,0.0,0.0,0.2367462231313635,-0.3236406446105129,0.3464407427500962,-0.6945554731286768,0.3302642267131585,-1.0001630230052758,0.2337330656430036,-1.2642044347630985,0.12075129950405086,-1.0302390310947496,0.06707903953621529,-1.415687562106231,0.029601109368097022,-1.6549643516979229,-0.008177124403244756,-1.8542003825197702,-0.04231740319964129,-0.999104217480058,-0.10081446008761889,-1.415001074344565,-0.13876172217624522,-1.6640847452047205,-0.16078054511755335,-1.8751699141046179,-0.2090091823377752,-0.9122995733167358,-0.2608026976197211,-1.2990814037435403,-0.2947594744165746,-1.5216097138126807,-0.29361099279009084,-1.7059933933987608,-0.3736819334081294,-0.767784815479141,-0.43409943538123097,-1.0658079534231648,-0.4675863741847701,-1.2478604592345757,-0.47357028026032694,-1.395951582986596
offene_hand,0.0,0.0,0.238577145954898,-0.37298081482454165,0.35850217998108624,-0.7452960832771537,0.39021299039902474,-1.0451867009462843,0.44249805570917805,-1.3138649115628172,0.14689884083432608,-1.007247824897139,0.11521282126232836,-1.3343284372632218,0.07369771928359345,-1.5455050859346213,0.03307274531659013,-1.7181767378734276,-0.03408194747024197,-0.9994190416720283,-0.0839402427273586,-1.346565159778884,-0.13185099255178967,-1.5709990549232555,-0.16995823162946969,-1.7617397534402828,-0.2048226523749367,-0.9473003873552963,-0.259113531365912,-1.2793181845320636,-0.31048074976572276,-1.475463918825536,-0.3333000402419124,-1.6414508082180155,-0.36526734807375777,-0.8503955082184714,-0.4188698418819762,-1.1348856912626992,-0.44643706736460176,-1.3072010540925334,-0.4578249474111817,-1.4526898911635393
offene_hand,0.0,0.0,0.23764174076658234,-0.31261367325759387,0.3743939313663137,-0.6659325514656029,0.458061049818179,-0.9517458148266859,0.574681768833455,-1.1655081125912174,0.12156023870370172,-1.00346909004055,0.12560253831864462,-1.3319601343883887,0.11925428308173815,-1.5431154153356306,0.11321978555063149,-1.7166329610490043,-0.05435395370976416,-0.9985217312187636,-0.09422455546789699,-1.351795931175901,-0.12244206906751928,-1.5765394119935277,-0.15099921432231608,-1.7573847228769595,-0.22469206956877635,-0.9200359913612817,-0.30271674334325666,-1.272828204848841,-0.3577620797597312,-1.4796708082194592,-0.3990429560373113,-1.6505844270806869,-0.384587690305819,-0.7724551201126689,-0.5108531403682933,-1.0422239859407967,-0.5868459877242219,-1.207652447766702,-0.6532444091464205,-1.3505601855826257
offene_hand,0.0,0.0,0.29753334172185464,-0.2622649538895764,0.4874769294812964,-0.5816749239399022,0.6086666436874879,-0.8450246898796593,0.7658685990739311,-1.0289632013667278,0.3913612311518724,-0.9374524004536239,0.4848923256730105,-1.244304169276414,0.5347396526446145,-1.4501143328898887,0.5734523720526671,-1.6230436415484824,0.23008998652673535,-0.9731693573577658,0.29970314354371824,-1.2899997442322464,0.3437969145991118,-1.4848119014718926,0.39182970503199627,-1.6560733715843405,0.058246000867641486,-0.9442194132368322,0.0833980364839288,-1.2657695056181337,0.10604419891745934,-1.4477470824789438,0.14244653879531058,-1.6034427037344776,-0.1251118500409616,-0.8603089168009546,-0.16436350990480914,-1.1265193769028568,-0.16770645136350804,-1.2856472557796006,-0.1545499951287769,-1.4183581884624599
offene_hand,0.0,0.0,0.32152812959284083,-0.21977027488681383,0.5384714250139099,-0.5254137329918969,0.6691121656360857,-0.7709999269592935,0.8132548864637436,-0.9600609761702461,0.38242072348984146,-0.9437639267000419,0.4935849124227591,-1.2718085819452103,0.560446790906325,-1.4687498930622536,0.6163189094483504,-1.642820535287332,0.2090121943337632,-0.9779130342825916,0.27012155101640867,-1.3399425256612585,0.3163988952095282,-1.5466637705406858,0.37271530193502267,-1.7255686076018257,0.030150985975722803,-0.9358448155403393,0.06257363839229355,-1.2864754733057762,0.10604137435336108,-1.477380752758967,0.17796035883686298,-1.6453632732213344,-0.15566334189449488,-0.834589216069343,-0.1795359486145752,-1.1106942130041317,-0.1632183180088002,-1.2738603229029748,-0.10989297338034443,-1.4173197122661303
offene_hand,0.0,0.0,0.29313099611778737,-0.31546000895962917,0.46117377929469683,-0.6614486787660234,0.5488414618316079,-0.9439576256174141,0.6609438355996575,-1.1613833455607867,0.29140850708576604,-0.9907794375114585,0.33362962972940924,-1.3478541127916,0.33505825633185626,-1.5602461546168693,0.3287012405661106,-1.7357919087750588,0.10136008058770113,-0.9948498047762058,0.12440693146861265,-1.3749620659120632,0.12441720356176432,-1.5826045486663287,0.1329289419262663,-1.7449289859868675,-0.0817703932931004,-0.9361526475444654,-0.07057723578882998,-1.2904218329126533,-0.08183867250052033,-1.4781909121524013,-0.069708941797127,-1.6450899430749302,-0.2583257204888767,-0.8219342225871715,-0.2800059801534336,-1.0860719840173794,-0.28812707685778527,-1.2373818295706043,-0.27659806219017347,-1.3719058160790543
offene_hand,0.0,0.0,0.2310568023799179,-0.32502794901673604,0.3518664591234129,-0.7057867911362586,0.3967816969775413,-1.0218565351717526,0.4658096323116647,-1.2866793606966715,0.09186875787259997,-1.0346433914386448,0.04655513596420886,-1.436284625113105,-0.018123602493280048,-1.6787010400629396,-0.08248847503778133,-1.8812309824579148,-0.10655316949579004,-0.9943070059445429,-0.1943290543206954,-1.4019130766683254,-0.259434896589191,-1.6330924252245642,-0.30828751052235737,-1.8196690427797448,-0.27687107119069226,-0.896153339590765,-0.378829387319127,-1.2634742075297858,-0.43887121847974275,-1.4726067066083188,-0.4731896866598259,-1.6513230857396353,-0.41678746924314913,-0.7474278741510151,-0.5284512168809682,-1.0246247094396317,-0.587571964414581,-1.189020546008648,-0.6238215285240165,-1.3336192388306896
offene_hand,0.0,0.0,0.28530547650461896,-0.3132940785466317,0.4406954692633509,-0.670213996395068,0.5123815273995683,-0.959383072254334,0.5902438104783537,-1.1914819289056646,0.21563861404301643,-0.9876846360621256,0.2350700944961284,-1.2798375188749564,0.241678913800871,-1.4687256333021503,0.25315080267036005,-1.6318259943718363,0.032027626367943006,-0.9994869839819004,0.028665615835825633,-1.3103512458257744,0.02354709495980347,-1.5002449115606546,0.037712209264703596,-1.6701334051918124,-0.14047498191421778,-0.9480557733482892,-0.17289749531803375,-1.2640248114312602,-0.18691214201869927,-1.4439820315279044,-0.16773701712929232,-1.6050452136027877,-0.30919275122832307,-0.8424615150669247,-0.3824789744634202,-1.1059189417137634,-0.40036743857118384,-1.2721074265578887,-0.3915055839136108,-1.4200185509307215
offene_hand,0.0,0.0,0.21693746431925856,-0.3228556968898116,0.28045866042614925,-0.6970577652263406,0.2805921340926913,-0.9835311059880993,0.30052209480295855,-1.2443912126385603,-0.04790719377560181,-1.0170244450524615,-0.1017693951194594,-1.3648881900905796,-0.1336402297805084,-1.5881733218000347,-0.15643123013550442,-1.787552986380015,-0.2325015534479478,-0.9725960248964063,-0.3565164357267659,-1.3461606542321376,-0.42853012623798314,-1.5834335659401382,-0.48265481339960864,-1.7885959062500225,-0.3963150113117031,-0.8580049783441649,-0.5291629503306486,-1.2223255338412669,-0.5997740519643454,-1.4418369207050117,-0.639859094011875,-1.6360534444019734,-0.5444639030039197,-0.6773988415715305,-0.6892472320277374,-0.9456439179231972,-0.7597323888019882,-1.110892031805808,-0.8103430749627166,-1.2597927817770347
offene_hand,0.0,0.0,0.2620237238159979,-0.32795596118728665,0.4215856145185832,-0.7009294975955354,0.5252912536723695,-0.9778490632030655,0.6357906419233027,-1.2268198032124018,0.16229531916659015,-1.0181696428410165,0.17267640031345785,-1.371315807612516,0.21662026181058294,-1.6002088658756635,0.2749782758970416,-1.8036971152509242,0.0070133680128774785,-0.9999754060321264,0.012371993067745462,-1.369840048812211,0.070017130081637,-1.6099692630450853,0.15017468793143307,-1.8239301009507929,-0.14975160839198706,-0.9121824337324731,-0.18650474310885112,-1.2865246922078268,-0.1363901350635124,-1.4965747677988017,-0.04164297808090632,-1.6762683605729511,-0.304298691898201,-0.7612029863697367,-0.3988719321164563,-1.050131222502663,-0.3806781733635431,-1.2316549091671034,-0.31149754563006726,-1.3905109024143825
offene_hand,0.0,0.0,0.22320496732300713,-0.354298496089784,0.3178169828375659,-0.7468809296417642,0.36950378538508394,-1.042723014623123,0.4879390316257866,-1.2588471041427787,-0.020538842756095403,-1.0120414849217865,-0.07384367683602788,-1.3368769022047828,-0.12394267460557286,-1.548851208932093,-0.16575518294125124,-1.7403516361444606,-0.21685498002242432,-0.9762038299655835,-0.29895378248128407,-1.3188861558971485,-0.36561372526961533,-1.5363793326213,-0.4216039080043045,-1.7150328177067196,-0.38737888356169736,-0.8722772363472885,-0.4932083413890547,-1.2018262743608845,-0.5707701932855149,-1.4014170635501808,-0.6150515357496225,-1.5810364604451883,-0.5360355779796304,-0.708861831611115,-0.6508205882913567,-0.9606415048999546,-0.7061022900136388,-1.1200205956163327,-0.7421178943267094,-1.2677899121178298
offene_hand,0.0,0.0,0.33091709852859946,-0.20757196720535281,0.5740665674456361,-0.5145460826213778,0.7357834046122703,-0.7610865586793953,0.9029637966406535,-0.9453853643999882,0.3996210572072534,-0.9355725619129105,0.5281829423362688,-1.2639136216944604,0.6216705824454191,-1.4528686063194582,0.714855837364067,-1.6214962245552376,0.23144474371294088,-0.9728480511403881,0.3321996579091463,-1.3339242293364135,0.42601442892804653,-1.5298007509823883,0.5377471628254507,-1.6901379440006323,0.053636908871795966,-0.9318794507827822,0.10884563958473711,-1.295008961273645,0.18760142190229184,-1.4843690164506442,0.2997090909398105,-1.6398869572119796,-0.1287118591850612,-0.8303468273721942,-0.13905547609675617,-1.100707495284399,-0.10411667639625742,-1.2565358823417492,-0.03352670022904234,-1.385492386705735
offene_hand,0.0,0.0,0.2511548904707544,-0.34985293526372646,0.40266292799611525,-0.6785376159943962,0.4380867209141273,-0.9447968023992753,0.35863052572594084,-1.1628329158257262,0.13786435875664654,-1.019008196967132,0.12286629689770753,-1.373011509003152,0.12203690071147758,-1.5890556068093815,0.12074161539399453,-1.7788850020639608,-0.03880939585420053,-0.999246631614754,-0.06499011465231452,-1.3727075558786825,-0.07089350571775986,-1.5960856822137293,-0.06260420680150856,-1.7881548120973418,-0.2099953698082484,-0.9179292113745793,-0.23908323273064605,-1.2724400242669132,-0.25449102563147474,-1.4746881626370165,-0.2346626585085363,-1.6587547141021475,-0.3763642163893027,-0.7782468105010867,-0.4365740003950477,-1.0423648937226917,-0.4523538152958108,-1.2118485882639602,-0.435523114271527,-1.3628950954989392
offene_hand,0.0,0.0,0.18602189912822914,-0.35569031281077723,0.24604771074115214,-0.7434757267553022,0.2264094096392209,-1.0624937459054924,0.1955083247215147,-1.3445473226517666,0.016431118010006025,-1.0405013399531164,-0.0770400538214609,-1.4096765465159586,-0.1738830601785096,-1.6290813527135344,-0.26959746113253125,-1.7985600725939905,-0.1616566157153956,-0.9868470695074515,-0.29011347952658534,-1.3698055761023584,-0.40143349252008914,-1.5748917695604647,-0.49767890412505417,-1.7297170618242972,-0.32376709838746204,-0.870796358790647,-0.45074972566856064,-1.229003961275368,-0.5487242706489509,-1.4151996048202289,-0.6196286142164433,-1.5711661886649486,-0.47016989295310013,-0.698652600484653,-0.5882488277434031,-0.9529996625577938,-0.6623253513070672,-1.0999432451754236,-0.7201453812434511,-1.2312281733528836
offene_hand,0.0,0.0,0.3156852005115344,1.186337475039672,-0.3834416188247222,2.184426005521102,-1.6579245995232017,3.093769712042933,-2.9847885572162416,3.6533334180502566,-0.03335610535316032,1.3906052221436236,-1.0449914594540592,1.817413513213608,-1.470470657659777,1.476310526683767,-1.790312060899125,1.1903225236108874,-0.5256339276015919,0.8507108640155739,-1.2548192078731664,1.6369757767599127,-1.0412924111510353,1.2525167105873354,-0.6371807222610665,0.6692010446852072,-0.88697826254709,0.24743037237424667,-1.7629101131761522,0.9495866760328291,-1.2322196116320696,0.9312737387822297,-0.6538506911094034,0.5979892079270848,-1.1311745461186478,-0.4298182627034472,-1.9954913293256755,0.41088537945240133,-1.626927857006273,0.7086044110697013,-1.0812923083093404,0.7009152966468972
offene_hand,0.0,0.0,0.17445716280555593,-0.4091082952318275,0.16758007778570674,-0.8160504601600461,0.10697910216305592,-1.1057812531820521,0.06457888674214037,-1.3533858430205994,-0.19688162463658915,-0.9979475195636699,-0.2742650608574218,-1.3211428798431486,-0.300518300461201,-1.5164298867023287,-0.3166831290006199,-1.680615941077237,-0.36167920237362083,-0.9323026089046311,-0.5229881958791786,-1.2875084863108321,-0.6032355513821261,-1.523823055152301,-0.6560660845486908,-1.7263924342579196,-0.5032686018044707,-0.8000354862894833,-0.6840608662276533,-1.145331750349941,-0.7573350205392713,-1.377439455925174,-0.7851918493642327,-1.5886995999723963,-0.6233137327119727,-0.6071370023576987,-0.8012422581835684,-0.8546287503682838,-0.8779050936140896,-1.0227953531966552,-0.9203947529769457,-1.180452428094907
offene_hand,0.0,0.0,0.3383956985286686,-0.16913441205247642,0.6124409681935964,-0.4186680833174905,0.795401729704162,-0.6375744778311881,0.9746486258721692,-0.8106092327445965,0.5696595399176421,-0.8353331018149577,0.7503524211042887,-1.1117369635312002,0.8777887172679222,-1.270521089062706,0.9898549089662217,-1.4045906476150127,0.4186334891236614,-0.9081552740496249,0.5958974495869463,-1.2239506816026802,0.7296147268367276,-1.3950656330366287,0.8639527825168324,-1.5456715103334566,0.24929064051793767,-0.9230745211878262,0.38438349445231845,-1.2348939492042728,0.4907739727479384,-1.3865526293362864,0.6082671830650682,-1.52555068413237,0.06007155406831628,-0.8854481506265697,0.11494709507911441,-1.1587265532819435,0.18132568480273442,-1.3066612599442347,0.2624373927022913,-1.4302061885667456
offene_hand,0.0,0.0,0.37445479520051494,-0.076397793801362,0.7088877610193145,-0.27181019331471956,0.9327080949692004,-0.4778876685150981,1.1331040534287853,-0.6209926908489933,0.680361454343758,-0.7377993474121228,0.9229279175312702,-1.022053005859767,1.070136335451863,-1.195868609570279,1.192443267705363,-1.3505796353667594,0.5238502059995088,-0.8518104024219663,0.7577697086507208,-1.181933040443619,0.8972679727029966,-1.3621163691487281,1.0172057065131321,-1.5237430957233662,0.33933962665122863,-0.9036355223313137,0.5435996057252541,-1.2308195475983064,0.6733946781365382,-1.3947457206784222,0.7965103996735908,-1.543683469328077,0.1306872483609966,-0.9021293013520348,0.2568261968828296,-1.1892929001675525,0.3538938003307362,-1.3362079303016354,0.4499652356248655,-1.464641634280955
offene_hand,0.0,0.0,0.27202637226905485,-0.34652384754096766,0.3942994959273072,-0.7275147627333656,0.43522156869846146,-1.036824936509377,0.5150284698503832,-1.2837125223880936,0.1343903938291953,-1.0082447244607968,0.11475883564708646,-1.3452895113117602,0.09009434431945812,-1.572315901746791,0.0697238138601187,-1.7629637502509663,-0.06329846713059946,-0.9979946412976957,-0.09131942717936721,-1.3544805029278724,-0.12485455167278313,-1.5931792398446616,-0.15349881627698295,-1.7950530850272852,-0.2517857646932575,-0.9240854067102148,-0.2984327678239666,-1.2764469343296285,-0.34152908761380846,-1.4844837272221434,-0.36443474073006865,-1.6661187766217584,-0.4275200501400998,-0.7922028689533972,-0.5061760144076243,-1.0738614253109164,-0.5455067710359541,-1.2503961046043812,-0.5759714867653667,-1.4083102658869828
offene_hand,0.0,0.0,0.14852097648708978,-0.4247311839935722,0.1216296949361736,-0.8309445531183741,0.031095719959929644,-1.1268161917339288,-8.9087405351183E-4,-1.3881553599793341,-0.26593086988651327,-1.008615284611282,-0.476665487886594,-1.3560888589661402,-0.6004928595099798,-1.57154656145276,-0.6977310598687348,-1.773263269375124,-0.45672377337393527,-0.8896085627033241,-0.7105840960950325,-1.2266236410126252,-0.841673543257466,-1.4343696154410746,-0.9286876757850608,-1.6201769732033218,-0.5993495243025021,-0.7168477556864116,-0.8462949407003576,-1.0209280820713753,-0.9836991017506123,-1.2162767149983755,-1.0643728995645567,-1.4004675016961705,-0.7047785200075096,-0.5043281108630219,-0.9107023244410184,-0.7223776385731473,-1.011412029602617,-0.8695413201957436,-1.076032998289861,-1.01030766428013
offene_hand,0.0,0.0,0.3348486624434378,-0.3191478590752768,0.555876581839669,-0.6682616628428666,0.6841015518056682,-0.9669479773336949,0.7998103117905944,-1.2111347683900369,0.42499666389865653,-0.9302777335955551,0.5128420053212606,-1.274959047484813,0.5688744573699676,-1.5056560527341063,0.6126220109164736,-1.698897954934798,0.2444476932288391,-0.9696624800801046,0.2790376271937158,-1.331225844758584,0.3125854460051909,-1.5660398536187685,0.3539017086805488,-1.7768124025835808,0.05911847202106969,-0.9628122811789601,0.07906801359437464,-1.3093950071621998,0.10090351849259234,-1.5183289440377328,0.140462728719681,-1.696796140568337,-0.13071422872592045,-0.9190765825791114,-0.15131532563519307,-1.2194512935082369,-0.14881841250026479,-1.4049343256479319,-0.12769999185575823,-1.5659911503241353
offene_hand,0.0,0.0,0.3295472798487414,-0.06624930578003557,0.6398278947454646,-0.21625159625463733,0.8646291331492739,-0.35683317243736984,1.0419478518027794,-0.46205639306684376,0.6859938297065925,-0.714907075380136,0.9494965861069072,-0.9009508138719349,1.1104364342030109,-1.029156751538767,1.232640674305,-1.141482526231703,0.5652677383634902,-0.8249075002480125,0.8104703054785986,-1.097875602986829,0.9572999642799835,-1.259959000860548,1.0823330279276442,-1.4096926508445125,0.39804773720074654,-0.8707829431915999,0.5919194923710026,-1.153882884034969,0.7276068920012617,-1.3022143203258112,0.8493196545073897,-1.4384630133823428,0.18069330528886127,-0.856029729297431,0.2575031591670779,-1.0945808289525107,0.3325498654438373,-1.2185319390860088,0.4091956511108123,-1.3142332457920856
offene_hand,0.0,0.0,0.3397266270106086,-0.23620432653836346,0.5397316925580818,-0.6022644145315914,0.5951564276832901,-0.9257216230826101,0.6454798011158125,-1.2004900946618633,0.33223628003543615,-1.0005202919832334,0.38468846397023876,-1.4544176181013795,0.4001448609355698,-1.7346038788252516,0.41065122034005846,-1.966603058866262,0.11533062030873809,-0.9933271606168845,0.15660536380005366,-1.4587406779031635,0.18725106866250077,-1.7431176392012278,0.21818322259958658,-1.9866496293954774,-0.09586176323652014,-0.907897773903162,-0.06479270639686566,-1.3350973548361826,-0.038256755551139686,-1.5793184032182528,0.002519566550304591,-1.7902193495239518,-0.3005469127858745,-0.7609540410640419,-0.3025650946800184,-1.0823331109663283,-0.2810894149010991,-1.2735494250261723,-0.24595031181300098,-1.4310264336052427
offene_hand,0.0,0.0,0.3064208077197528,-0.33336744181537886,0.4978038827867751,-0.696152243589513,0.6053706362904243,-0.9907578900468148,0.6899135908980122,-1.2188702026245024,0.15467383972625287,-1.001290695327946,0.14291102149152926,-1.3511952082431777,0.12577104161281707,-1.566332980773454,0.12010989735430785,-1.7442700791080208,-0.042063454736877566,-0.9991149412232802,-0.06557752368638502,-1.355561175852434,-0.08407880787000571,-1.5836561612492117,-0.09616705899903401,-1.7697238404089237,-0.23402856884886786,-0.9340302902823276,-0.28565980851590367,-1.2805599792551399,-0.3310924962272298,-1.4948671074577433,-0.3455682834718206,-1.6704694344369728,-0.4113436117491752,-0.8089680484538181,-0.5296333598409648,-1.091674861921105,-0.5811057389008282,-1.2823959856595757,-0.5984010127347315,-1.4491889714326958
offene_hand,0.0,0.0,0.3813595677278564,-0.16622044125220367,0.6660202466668388,-0.43616524055856026,0.852485028318144,-0.6749572169069743,1.0395069618359365,-0.8237641578451946,0.5390252618737802,-0.879385811564732,0.6787154875195024,-1.2592513569120185,0.7455943253464082,-1.48561901039264,0.7915953804031857,-1.6729694409976885,0.34160046304251174,-0.9398452658013134,0.4572932793019138,-1.3489092197228825,0.5114820779014656,-1.588728589314724,0.5542960778658167,-1.7801811035163009,0.1345436990339181,-0.928378957091223,0.2235856027143788,-1.3121091655538963,0.26256003258914185,-1.523630417137181,0.3064554889859016,-1.6967902600210698,-0.07702797941695053,-0.8659501097166177,-0.06061184259287175,-1.1713323300136533,-0.03847834894246554,-1.3503475654473613,-0.004127682335899121,-1.5034746970211306
offene_hand,0.0,0.0,0.35732484532156866,-0.2104001874813266,0.6275802415216286,-0.49677930697291023,0.8010514171455503,-0.7338324922650444,0.9622848965904426,-0.8991816519421645,0.4172381340550991,-0.9284733394048243,0.5355542360352945,-1.304515951127782,0.6025827216836085,-1.5220660551245746,0.6541271544074497,-1.710585066214895,0.21960498084684524,-0.9755888746737822,0.3044433869509702,-1.3783697768823389,0.3548568397948343,-1.614436663759928,0.40467131779221965,-1.8075819258247992,0.017407015047040036,-0.9538041278991801,0.07126427693155063,-1.3259305365835883,0.10411415550481454,-1.5318083355658045,0.1569483991695065,-1.70598321279758,-0.1863875585064726,-0.8774554790600363,-0.20104515652651148,-1.1731812335859286,-0.18209200802433767,-1.340618705631824,-0.1360968836530724,-1.4831987709366201
offene_hand,0.0,0.0,0.1558383113715846,-0.4161335660410615,0.1960503486702396,-0.8163704332803233,0.1988964535825244,-1.1125922578232241,0.23933825880640466,-1.358835277239715,-0.19555758107905105,-1.0144842080119694,-0.34509939502148074,-1.3869980052298334,-0.43392131399142125,-1.6036940570383642,-0.5125641265100327,-1.8032171735846518,-0.38343006726780304,-0.9235699126297954,-0.571979420813918,-1.2909241253155932,-0.6783814403235332,-1.5065821184619455,-0.7567646171253971,-1.6915286569134647,-0.5278843667416687,-0.7767735909367413,-0.7249757047874188,-1.1060260328296743,-0.8387212254351458,-1.3080990228815454,-0.9096761907413726,-1.497240635365353,-0.6413366121804902,-0.5869945610454655,-0.8268707459128346,-0.8130834471450574,-0.9217883447375318,-0.9715564443176059,-0.9861784612112515,-1.1257538620368608
offene_hand,0.0,0.0,0.06812129587062352,-0.11430826666708141,0.12245811956783961,-0.3430194805411327,0.21626759848935032,-0.4802841712534616,0.26734628446511816,-0.5492533088158008,0.05810105144735399,-0.9264833481470688,0.34105204146523566,-1.4429873345050133,0.5754848905366908,-1.889544832156127,0.7635871699928573,-2.2340809765955982,0.12872382972481697,-0.9916804806292078,0.47561157389503644,-1.5302537118306592,0.688033000881274,-2.0026662669842135,0.8452757363697869,-2.386457371853066,0.2513586863004484,-1.018820657388242,0.5286597278154133,-1.533112725990506,0.740995942315751,-1.975181464331478,0.8895666166400494,-2.3156002028819147,0.39104494453535377,-1.0274937329868123,0.5893486013047907,-1.455487645498719,0.7571599393434273,-1.74974101225086,0.8967379912470316,-1.9849464094418339
offene_hand,0.0,0.0,0.3392978443044049,-0.17467009471425402,0.6108616676509778,-0.42761097910857065,0.8040680984579435,-0.6226900436673257,0.9961245482633196,-0.7681632527118339,0.5240782542658592,-0.8746936051929347,0.6727911100784232,-1.152755048640341,0.7837911323660209,-1.309491047046262,0.8864947756645166,-1.436961402360617,0.3707672239996558,-0.9287258290839063,0.49950911049068825,-1.2440194164469882,0.6160532903865876,-1.406644409301943,0.7425699207755031,-1.5298226306718674,0.19251422027406007,-0.9193380791092702,0.2949832485530621,-1.2259545410729793,0.40373999434554675,-1.3660367002414262,0.5261722939141208,-1.473896384747128,1.0147405764823395E-5,-0.8541195650494835,0.056857576575387654,-1.109115211633541,0.13879534127489537,-1.225201096194941,0.2316671106412721,-1.301946450860116
offene_hand,0.0,0.0,-0.23644093349557746,-0.47296133317861594,-0.24200666270307583,-0.7366968380102425,-0.25369412642319766,-0.9766292526156137,-0.2950567930108719,-1.106775646147683,-0.007192205979428169,-1.108303564206593,-0.01547578200093487,-1.480982309912361,0.042912515250266584,-1.7521412595887143,0.1454787235842108,-1.891617899453922,-0.05498415154548417,-0.9984872272987888,-0.020501760350743334,-1.5291017954945916,0.05720714073757604,-1.8320015528982798,0.19621788427808312,-1.8868476061423403,-0.10277622611509123,-0.8731859491379235,-0.15209583173295502,-1.3282236579339923,-0.23218433232436902,-1.5200102702327138,-0.2549693265255554,-1.5177066538212014,-0.14592959099521133,-0.7397542221706753,-0.2285902933914721,-1.1019292407409682,-0.35295565078930197,-1.2833953109467389,-0.4227316075079313,-1.4052243295269202
offene_hand,0.0,0.0,0.2796338565237774,-0.31023205227411693,0.45008742335437407,-0.6786031730191339,0.5648053687077457,-0.9695812913959404,0.694574995349763,-1.1759112579120632,0.14442951941435422,-1.0138301191735075,0.14648951737354976,-1.4112113941732087,0.13887505434587297,-1.6554054231732291,0.1362519909409237,-1.8457088559673158,-0.052139999526333365,-0.9986397851324541,-0.07701235381479224,-1.4154856586848457,-0.09726868544435945,-1.6785501880380356,-0.1126919640665745,-1.8819074194010836,-0.23943360954535536,-0.9221518052851612,-0.2868265923848766,-1.3188360866245339,-0.3259488490257118,-1.5563280105844304,-0.34921436313113735,-1.7475115563953592,-0.41357639390791673,-0.7960762699088733,-0.5150864212950127,-1.092602786052944,-0.5597957671813664,-1.2833965326266514,-0.5856484382042094,-1.4530720924060758
offene_hand,0.0,0.0,-0.0326274932297622,0.030325846196822014,-0.045083708466620166,-0.08704813552291468,-0.1439517318288625,-0.20982551600554447,-0.23449979325019651,-0.3376279045790216,0.08825254977652429,-0.8366920198266803,0.33973159143575254,-1.3967466511471873,0.5704631294658242,-1.841302287881826,0.7720326668638209,-2.243572860924352,0.15099853812669958,-0.9885339860033138,0.41896236599644576,-1.5778623070622708,0.6725948036774619,-2.038369952936099,0.8892323534758515,-2.4321334816542386,0.24107692932604693,-1.0504277814633687,0.4146135027199754,-1.5693873326620664,0.6548692917325624,-1.982936846389418,0.8590813032347462,-2.306564703041755,0.326079851997474,-1.0528873208316663,0.4348677962706448,-1.4477169514949748,0.5897618050121742,-1.7190494830843501,0.7411636509994494,-1.9605801807080456
offene_hand,0.0,0.0,0.22064292236906424,-0.381227213522089,0.3084960183815853,-0.7422572564363602,0.36603223850909483,-1.013587244759032,0.44490997415847433,-1.2540625469845301,-0.01241815765587847,-1.0184615122776879,-0.048116132088926254,-1.3351932086628588,-0.04626086084301711,-1.5412694873065205,-0.02850713098883788,-1.7427956410878733,-0.16577120193753947,-0.9861642401791821,-0.2274400740458162,-1.322622716554362,-0.23539442627253296,-1.5526407322363156,-0.21578880823452684,-1.7522012861698975,-0.3031597695708681,-0.8811814442782832,-0.38839949845430477,-1.2168521021534224,-0.388149635154801,-1.4157083946895084,-0.34063414157385014,-1.5956768341377974,-0.43120509300433896,-0.7147259938698782,-0.542818593927543,-0.9631136983522731,-0.5469437065128125,-1.1190586514835255,-0.5003158317633289,-1.2586563103271087
offene_hand,0.0,0.0,0.25929910236352866,-0.3184081587327634,0.39742186339116653,-0.6826802818994009,0.4810930938287958,-0.9645722009882455,0.5990220629256445,-1.1747209804778462,0.13605798628282453,-1.021141515990698,0.13091720509723637,-1.3617286305164042,0.10952076837973294,-1.5816145149000094,0.09082107802641183,-1.7723957183671004,-0.05396692584665236,-0.9985427236301218,-0.09685406010882756,-1.3625607859169886,-0.13362407148887542,-1.5893265059187096,-0.16285427688880824,-1.7736231572210837,-0.22437517675401503,-0.8987686982657808,-0.3025013068138565,-1.2256630783082907,-0.3571846342232311,-1.4049741101317614,-0.38628896575784505,-1.5681609985896472,-0.3761496620583461,-0.732608738503537,-0.47544351621516906,-0.9549947997656294,-0.5162857302625888,-1.0885015753172207,-0.5423150191685667,-1.208469199849923
offene_hand,0.0,0.0,0.3481071586499985,-0.11389638583118042,0.6209247628445416,-0.2986605436680835,0.78454171337782,-0.513751057750264,0.9218132213816711,-0.6961465719262362,0.6702474107765333,-0.7489520828558999,0.8520319943783053,-0.9573975265584889,0.9285196641810488,-1.086387773725238,0.9831102133288703,-1.19451406083729,0.5265582508191823,-0.8501390524462706,0.697531510855803,-1.1114254511787127,0.7713268258559846,-1.2476807785761495,0.834956493559489,-1.3592250205861423,0.35544356358476165,-0.8811744652968143,0.47891177708333815,-1.1478116136467604,0.5618005116990986,-1.2650881968060987,0.6384699416412368,-1.3653710362890528,0.14092644075884658,-0.8575562978657021,0.21350251363280956,-1.0594449322362154,0.28598875404594776,-1.1672325797802017,0.3641746851319025,-1.268913584254739
offene_hand,0.0,0.0,0.3366211577736534,-0.13525246257540866,0.6102125292338616,-0.401793798147618,0.8267197079707644,-0.6424509128554617,1.0479976556424053,-0.780821539830046,0.55732951885143,-0.8741050277090392,0.6732453283473919,-1.2089565420327137,0.751370079976044,-1.432624288760737,0.8206306716210178,-1.61502269469266,0.3584581001681587,-0.9335458159211226,0.4450213700795792,-1.2430648283960133,0.4766077335494314,-1.4276605123205481,0.520025697708992,-1.6051792517632686,0.15583674964564706,-0.9254573682704633,0.1799180607257609,-1.207083082513136,0.14350259716396774,-1.3207110678667067,0.12386165127592712,-1.4216275684501634,-0.04225728292678009,-0.8849767168160817,-0.057072811034094936,-1.1221535452923006,-0.08991869231729675,-1.1880499690422621,-0.12289211547076732,-1.2312528527513038
offene_hand,0.0,0.0,0.2575143277771414,-0.2860300146093254,0.3911791905148388,-0.6376367270151796,0.48033983571662975,-0.902432303787157,0.6033711713074411,-1.1215922562596619,0.16286774456557093,-1.0148260820367543,0.1940022141820652,-1.3543809669312554,0.2407475946662708,-1.5681173791119816,0.3027256101040301,-1.7584941991821714,0.00893287886581831,-0.9999601010416209,0.022257263667675366,-1.3529302844239883,0.10217470504037356,-1.5633428406952234,0.21495978704160804,-1.728370593685513,-0.14805799884013385,-0.906123680615476,-0.18355660656141465,-1.2542251080729814,-0.12259176323268484,-1.4341131130903042,-0.011397670736610048,-1.5776853416235708,-0.2957690260662411,-0.74494411884619,-0.37820890046116984,-0.989751243906392,-0.3504690728998967,-1.1303429797143887,-0.27225799706068526,-1.239224865371448
offene_hand,0.0,0.0,0.26059838448531353,-0.32058079054772326,0.39714201040567837,-0.6864519320883511,0.4772167139787515,-0.9646658895449882,0.5867916939650794,-1.1804432546428274,0.12373108159568641,-1.027999642975643,0.11830601730105716,-1.376534109890548,0.09996028468802966,-1.5809980961477987,0.08236635637293284,-1.7580135307560036,-0.06774330605607716,-0.9977027836407959,-0.10875605739661147,-1.3608274863822678,-0.13215313647840832,-1.5585881573566915,-0.1402736554851641,-1.7161545776087883,-0.239114573869064,-0.8938543045376496,-0.3014599210945023,-1.2274760997493988,-0.32846341691081266,-1.4028725786086622,-0.3263887071102897,-1.5567252772536904,-0.3921405062186789,-0.7254553047466983,-0.489368500564031,-0.9651466392030152,-0.5193104073942424,-1.1050026918253826,-0.5232872654699576,-1.229406544937548
offene_hand,0.0,0.0,0.3358104662588274,-0.20498818602422325,0.5756473821361625,-0.5087623948408924,0.725700887773886,-0.7716811205480081,0.8704904605733105,-0.9780388113838647,0.41607612415253586,-0.9212671111655624,0.5336624986938493,-1.2473860261671759,0.5823171910682339,-1.4445218189292321,0.6172952010232065,-1.606171146516759,0.22601096715647112,-0.9741247572693122,0.31488833634794466,-1.3323631605307513,0.3585176698881605,-1.5387182405567514,0.402656561490028,-1.7072519698916682,0.028315583312840346,-0.939929630159591,0.08190812737723722,-1.285145358870676,0.1122178292529016,-1.4686857644305769,0.15929271158031388,-1.625512115961778,-0.17423158552346368,-0.8354571734717205,-0.19244045379794056,-1.0978763342169802,-0.17787024421211645,-1.2476501681023147,-0.14109950816497613,-1.3742116066510799
offene_hand,0.0,0.0,0.3034219899092429,-0.20764367242198256,0.5025369559212666,-0.4946827808946629,0.6310369122006181,-0.7177914121035874,0.7602977873713733,-0.9162935141226164,0.3596351831206869,-0.9474117121627594,0.4735341442961515,-1.2595219817147767,0.569839115473503,-1.441132712134485,0.6646754104114616,-1.5825937185059642,0.2124216547389167,-0.9771781007564488,0.3096771543125162,-1.3250454889282286,0.43061399501545755,-1.5131800710518835,0.5698488617564623,-1.6417897837677424,0.04551257194529311,-0.9247411491788685,0.08724863644900546,-1.2673857258191947,0.2020081944097755,-1.4236013641550285,0.3536580535894705,-1.5281886379886136,-0.12944809240614594,-0.8036371154218891,-0.15198965004468484,-1.061561418617995,-0.08655452389715919,-1.202135114528603,0.022068951517585606,-1.2993203965636095
